plan_id,role,requirement_id,field,genai_value,python_value,result,validation_status
11,Field Service Technician,NSF-R02-01,mandatory_coverage,Covered,Required,Match,Verified
11,Field Service Technician,NSF-R02-02,mandatory_coverage,Covered,Required,Match,Verified
11,Field Service Technician,NSF-R02-03,mandatory_coverage,Covered,Required,Match,Verified
11,Field Service Technician,NSF-R02-04,mandatory_coverage,Covered,Required,Match,Verified
11,Field Service Technician,NSF-R02-05,mandatory_coverage,Covered,Required,Match,Verified
11,Field Service Technician,NSF-R02-06,mandatory_coverage,Covered,Required,Match,Verified
11,Field Service Technician,NSF-R02-07,mandatory_coverage,Covered,Required,Match,Verified
11,Field Service Technician,NSF-R02-08,mandatory_coverage,Covered,Required,Match,Verified
11,Field Service Technician,NSF-R02-09,optional_coverage,Covered,Optional,Match,Verified
11,Field Service Technician,NSF-R02-10,optional_coverage,Covered,Optional,Match,Verified
11,Field Service Technician,NSF-R02-11,optional_coverage,Covered,Optional,Match,Verified
11,Field Service Technician,NSF-R02-12,optional_coverage,Covered,Optional,Match,Verified
11,Field Service Technician,NSF-R02-13,optional_coverage,Covered,Optional,Match,Verified
11,Field Service Technician,NSF-R02-14,optional_coverage,Covered,Optional,Match,Verified
11,Field Service Technician,NSF-R02-15,optional_coverage,Covered,Optional,Match,Verified
11,Field Service Technician,NSF-R02-16,optional_coverage,Covered,Optional,Match,Verified
12,Field Service Technician,NSF-R02-01,mandatory_coverage,Covered,Required,Match,Verified
12,Field Service Technician,NSF-R02-02,mandatory_coverage,Covered,Required,Match,Verified
12,Field Service Technician,NSF-R02-03,mandatory_coverage,Covered,Required,Match,Verified
12,Field Service Technician,NSF-R02-04,mandatory_coverage,Covered,Required,Match,Verified
12,Field Service Technician,NSF-R02-05,mandatory_coverage,Covered,Required,Match,Verified
12,Field Service Technician,NSF-R02-06,mandatory_coverage,Covered,Required,Match,Verified
12,Field Service Technician,NSF-R02-07,mandatory_coverage,Covered,Required,Match,Verified
12,Field Service Technician,NSF-R02-08,mandatory_coverage,Covered,Required,Match,Verified
12,Field Service Technician,NSF-R02-09,optional_coverage,Covered,Optional,Match,Verified
12,Field Service Technician,NSF-R02-10,optional_coverage,Covered,Optional,Match,Verified
12,Field Service Technician,NSF-R02-11,optional_coverage,Covered,Optional,Match,Verified
12,Field Service Technician,NSF-R02-12,optional_coverage,Covered,Optional,Match,Verified
12,Field Service Technician,NSF-R02-13,optional_coverage,Covered,Optional,Match,Verified
12,Field Service Technician,NSF-R02-14,optional_coverage,Covered,Optional,Match,Verified
12,Field Service Technician,NSF-R02-15,optional_coverage,Covered,Optional,Match,Verified
12,Field Service Technician,NSF-R02-16,optional_coverage,Covered,Optional,Match,Verified
13,Customer Success Coordinator,NSF-R01-01,mandatory_coverage,Covered,Required,Match,Verified
13,Customer Success Coordinator,NSF-R01-02,mandatory_coverage,Covered,Required,Match,Verified
13,Customer Success Coordinator,NSF-R01-03,mandatory_coverage,Covered,Required,Match,Verified
13,Customer Success Coordinator,NSF-R01-04,mandatory_coverage,Covered,Required,Match,Verified
13,Customer Success Coordinator,NSF-R01-05,mandatory_coverage,Covered,Required,Match,Verified
13,Customer Success Coordinator,NSF-R01-06,mandatory_coverage,Covered,Required,Match,Verified
13,Customer Success Coordinator,NSF-R01-07,mandatory_coverage,Covered,Required,Match,Verified
13,Customer Success Coordinator,NSF-R01-08,mandatory_coverage,Covered,Required,Match,Verified
13,Customer Success Coordinator,PROBE-R1,mandatory_coverage,Covered,Required,Match,Verified
13,Customer Success Coordinator,NSF-R01-09,optional_coverage,Covered,Optional,Match,Verified
13,Customer Success Coordinator,NSF-R01-10,optional_coverage,Covered,Optional,Match,Verified
13,Customer Success Coordinator,NSF-R01-11,optional_coverage,Covered,Optional,Match,Verified
13,Customer Success Coordinator,NSF-R01-12,optional_coverage,Covered,Optional,Match,Verified
13,Customer Success Coordinator,NSF-R01-13,optional_coverage,Covered,Optional,Match,Verified
13,Customer Success Coordinator,NSF-R01-14,optional_coverage,Covered,Optional,Match,Verified
13,Customer Success Coordinator,NSF-R01-15,optional_coverage,Covered,Optional,Match,Verified
13,Customer Success Coordinator,NSF-R01-16,optional_coverage,Covered,Optional,Match,Verified
1,Customer Success Coordinator,NSF-R01-01,mandatory_coverage,Covered,Required,Match,Verified
1,Customer Success Coordinator,NSF-R01-02,mandatory_coverage,Covered,Required,Match,Verified
1,Customer Success Coordinator,NSF-R01-03,mandatory_coverage,Covered,Required,Match,Verified
1,Customer Success Coordinator,NSF-R01-04,mandatory_coverage,Covered,Required,Match,Verified
1,Customer Success Coordinator,NSF-R01-05,mandatory_coverage,Covered,Required,Match,Verified
1,Customer Success Coordinator,NSF-R01-06,mandatory_coverage,Covered,Required,Match,Verified
1,Customer Success Coordinator,NSF-R01-07,mandatory_coverage,Covered,Required,Match,Verified
1,Customer Success Coordinator,NSF-R01-08,mandatory_coverage,Covered,Required,Match,Verified
1,Customer Success Coordinator,PROBE-R1,mandatory_coverage,Missing,Required,Missing,Requirement Missing
1,Customer Success Coordinator,NSF-R01-09,optional_coverage,Covered,Optional,Match,Verified
1,Customer Success Coordinator,NSF-R01-10,optional_coverage,Covered,Optional,Match,Verified
1,Customer Success Coordinator,NSF-R01-11,optional_coverage,Covered,Optional,Match,Verified
1,Customer Success Coordinator,NSF-R01-12,optional_coverage,Covered,Optional,Match,Verified
1,Customer Success Coordinator,NSF-R01-13,optional_coverage,Covered,Optional,Match,Verified
1,Customer Success Coordinator,NSF-R01-14,optional_coverage,Covered,Optional,Match,Verified
1,Customer Success Coordinator,NSF-R01-15,optional_coverage,Covered,Optional,Match,Verified
1,Customer Success Coordinator,NSF-R01-16,optional_coverage,Covered,Optional,Match,Verified
1,Customer Success Coordinator,-,source_traceability,(none),source_document_id required,Unsupported,Source Support Missing
1,Customer Success Coordinator,-,source_traceability,(none),source_document_id required,Unsupported,Source Support Missing
1,Customer Success Coordinator,-,source_traceability,(none),source_document_id required,Unsupported,Source Support Missing
1,Customer Success Coordinator,-,source_traceability,(none),source_document_id required,Unsupported,Source Support Missing
1,Customer Success Coordinator,-,source_traceability,(none),source_document_id required,Unsupported,Source Support Missing
1,Customer Success Coordinator,-,source_traceability,(none),source_document_id required,Unsupported,Source Support Missing
1,Customer Success Coordinator,-,source_traceability,(none),source_document_id required,Unsupported,Source Support Missing
1,Customer Success Coordinator,-,source_traceability,(none),source_document_id required,Unsupported,Source Support Missing
1,Customer Success Coordinator,-,source_traceability,(none),source_document_id required,Unsupported,Source Support Missing
1,Customer Success Coordinator,-,source_traceability,(none),source_document_id required,Unsupported,Source Support Missing
1,Customer Success Coordinator,-,source_traceability,(none),source_document_id required,Unsupported,Source Support Missing
1,Customer Success Coordinator,-,source_traceability,(none),source_document_id required,Unsupported,Source Support Missing
1,Customer Success Coordinator,-,source_traceability,(none),source_document_id required,Unsupported,Source Support Missing
1,Customer Success Coordinator,-,source_traceability,(none),source_document_id required,Unsupported,Source Support Missing
1,Customer Success Coordinator,-,source_traceability,(none),source_document_id required,Unsupported,Source Support Missing
1,Customer Success Coordinator,-,source_traceability,(none),source_document_id required,Unsupported,Source Support Missing
1,Customer Success Coordinator,-,learning_sequence,Module M003 prerequisite missing/out of order: NSF-R01-02,valid sequence required,Mismatch,Sequence Error
1,Customer Success Coordinator,-,learning_sequence,Module M004 prerequisite missing/out of order: NSF-R01-03,valid sequence required,Mismatch,Sequence Error
1,Customer Success Coordinator,-,learning_sequence,Module M005 prerequisite missing/out of order: NSF-R01-04,valid sequence required,Mismatch,Sequence Error
1,Customer Success Coordinator,-,learning_sequence,Module M006 prerequisite missing/out of order: NSF-R01-05,valid sequence required,Mismatch,Sequence Error
1,Customer Success Coordinator,-,learning_sequence,Module M007 prerequisite missing/out of order: NSF-R01-06,valid sequence required,Mismatch,Sequence Error
1,Customer Success Coordinator,-,learning_sequence,Module M008 prerequisite missing/out of order: NSF-R01-07,valid sequence required,Mismatch,Sequence Error
1,Customer Success Coordinator,-,learning_sequence,Module M009 prerequisite missing/out of order: NSF-R01-08,valid sequence required,Mismatch,Sequence Error
1,Customer Success Coordinator,-,learning_sequence,Module M010 prerequisite missing/out of order: NSF-R01-09,valid sequence required,Mismatch,Sequence Error
1,Customer Success Coordinator,-,learning_sequence,Module M011 prerequisite missing/out of order: NSF-R01-10,valid sequence required,Mismatch,Sequence Error
1,Customer Success Coordinator,-,learning_sequence,Module M012 prerequisite missing/out of order: NSF-R01-11,valid sequence required,Mismatch,Sequence Error
1,Customer Success Coordinator,-,learning_sequence,Module M013 prerequisite missing/out of order: NSF-R01-12,valid sequence required,Mismatch,Sequence Error
1,Customer Success Coordinator,-,learning_sequence,Module M014 prerequisite missing/out of order: NSF-R01-13,valid sequence required,Mismatch,Sequence Error
1,Customer Success Coordinator,-,learning_sequence,Module M015 prerequisite missing/out of order: NSF-R01-14,valid sequence required,Mismatch,Sequence Error
1,Customer Success Coordinator,-,learning_sequence,Module M016 prerequisite missing/out of order: NSF-R01-15,valid sequence required,Mismatch,Sequence Error
14,Software Engineer,REQ-001,mandatory_coverage,Covered,Required,Match,Verified
14,Software Engineer,REQ-002,mandatory_coverage,Covered,Required,Match,Verified
14,Software Engineer,REQ-008,mandatory_coverage,Covered,Required,Match,Verified
14,Software Engineer,REQ-009,mandatory_coverage,Covered,Required,Match,Verified
14,Software Engineer,REQ-010,mandatory_coverage,Covered,Required,Match,Verified
5,Customer Success Coordinator,NSF-R01-01,mandatory_coverage,Covered,Required,Match,Verified
5,Customer Success Coordinator,NSF-R01-02,mandatory_coverage,Covered,Required,Match,Verified
5,Customer Success Coordinator,NSF-R01-03,mandatory_coverage,Covered,Required,Match,Verified
5,Customer Success Coordinator,NSF-R01-04,mandatory_coverage,Covered,Required,Match,Verified
5,Customer Success Coordinator,NSF-R01-05,mandatory_coverage,Covered,Required,Match,Verified
5,Customer Success Coordinator,NSF-R01-06,mandatory_coverage,Covered,Required,Match,Verified
5,Customer Success Coordinator,NSF-R01-07,mandatory_coverage,Covered,Required,Match,Verified
5,Customer Success Coordinator,NSF-R01-08,mandatory_coverage,Covered,Required,Match,Verified
5,Customer Success Coordinator,PROBE-R1,mandatory_coverage,Covered,Required,Match,Verified
5,Customer Success Coordinator,NSF-R01-09,optional_coverage,Covered,Optional,Match,Verified
5,Customer Success Coordinator,NSF-R01-10,optional_coverage,Covered,Optional,Match,Verified
5,Customer Success Coordinator,NSF-R01-11,optional_coverage,Covered,Optional,Match,Verified
5,Customer Success Coordinator,NSF-R01-12,optional_coverage,Covered,Optional,Match,Verified
5,Customer Success Coordinator,NSF-R01-13,optional_coverage,Covered,Optional,Match,Verified
5,Customer Success Coordinator,NSF-R01-14,optional_coverage,Covered,Optional,Match,Verified
5,Customer Success Coordinator,NSF-R01-15,optional_coverage,Covered,Optional,Match,Verified
5,Customer Success Coordinator,NSF-R01-16,optional_coverage,Covered,Optional,Match,Verified
6,Field Service Technician,NSF-R02-01,mandatory_coverage,Covered,Required,Match,Verified
6,Field Service Technician,NSF-R02-02,mandatory_coverage,Covered,Required,Match,Verified
6,Field Service Technician,NSF-R02-03,mandatory_coverage,Covered,Required,Match,Verified
6,Field Service Technician,NSF-R02-04,mandatory_coverage,Covered,Required,Match,Verified
6,Field Service Technician,NSF-R02-05,mandatory_coverage,Covered,Required,Match,Verified
6,Field Service Technician,NSF-R02-06,mandatory_coverage,Covered,Required,Match,Verified
6,Field Service Technician,NSF-R02-07,mandatory_coverage,Covered,Required,Match,Verified
6,Field Service Technician,NSF-R02-08,mandatory_coverage,Covered,Required,Match,Verified
6,Field Service Technician,NSF-R02-09,optional_coverage,Covered,Optional,Match,Verified
6,Field Service Technician,NSF-R02-10,optional_coverage,Covered,Optional,Match,Verified
6,Field Service Technician,NSF-R02-11,optional_coverage,Covered,Optional,Match,Verified
6,Field Service Technician,NSF-R02-12,optional_coverage,Covered,Optional,Match,Verified
6,Field Service Technician,NSF-R02-13,optional_coverage,Covered,Optional,Match,Verified
6,Field Service Technician,NSF-R02-14,optional_coverage,Covered,Optional,Match,Verified
6,Field Service Technician,NSF-R02-15,optional_coverage,Covered,Optional,Match,Verified
6,Field Service Technician,NSF-R02-16,optional_coverage,Covered,Optional,Match,Verified
7,Field Service Technician,NSF-R02-01,mandatory_coverage,Covered,Required,Match,Verified
7,Field Service Technician,NSF-R02-02,mandatory_coverage,Covered,Required,Match,Verified
7,Field Service Technician,NSF-R02-03,mandatory_coverage,Covered,Required,Match,Verified
7,Field Service Technician,NSF-R02-04,mandatory_coverage,Covered,Required,Match,Verified
7,Field Service Technician,NSF-R02-05,mandatory_coverage,Covered,Required,Match,Verified
7,Field Service Technician,NSF-R02-06,mandatory_coverage,Covered,Required,Match,Verified
7,Field Service Technician,NSF-R02-07,mandatory_coverage,Covered,Required,Match,Verified
7,Field Service Technician,NSF-R02-08,mandatory_coverage,Covered,Required,Match,Verified
7,Field Service Technician,NSF-R02-09,optional_coverage,Covered,Optional,Match,Verified
7,Field Service Technician,NSF-R02-10,optional_coverage,Covered,Optional,Match,Verified
7,Field Service Technician,NSF-R02-11,optional_coverage,Covered,Optional,Match,Verified
7,Field Service Technician,NSF-R02-12,optional_coverage,Covered,Optional,Match,Verified
7,Field Service Technician,NSF-R02-13,optional_coverage,Covered,Optional,Match,Verified
7,Field Service Technician,NSF-R02-14,optional_coverage,Covered,Optional,Match,Verified
7,Field Service Technician,NSF-R02-15,optional_coverage,Covered,Optional,Match,Verified
7,Field Service Technician,NSF-R02-16,optional_coverage,Covered,Optional,Match,Verified
8,Field Service Technician,NSF-R02-01,mandatory_coverage,Covered,Required,Match,Verified
8,Field Service Technician,NSF-R02-02,mandatory_coverage,Covered,Required,Match,Verified
8,Field Service Technician,NSF-R02-03,mandatory_coverage,Covered,Required,Match,Verified
8,Field Service Technician,NSF-R02-04,mandatory_coverage,Covered,Required,Match,Verified
8,Field Service Technician,NSF-R02-05,mandatory_coverage,Covered,Required,Match,Verified
8,Field Service Technician,NSF-R02-06,mandatory_coverage,Covered,Required,Match,Verified
8,Field Service Technician,NSF-R02-07,mandatory_coverage,Covered,Required,Match,Verified
8,Field Service Technician,NSF-R02-08,mandatory_coverage,Covered,Required,Match,Verified
8,Field Service Technician,NSF-R02-09,optional_coverage,Covered,Optional,Match,Verified
8,Field Service Technician,NSF-R02-10,optional_coverage,Covered,Optional,Match,Verified
8,Field Service Technician,NSF-R02-11,optional_coverage,Covered,Optional,Match,Verified
8,Field Service Technician,NSF-R02-12,optional_coverage,Covered,Optional,Match,Verified
8,Field Service Technician,NSF-R02-13,optional_coverage,Covered,Optional,Match,Verified
8,Field Service Technician,NSF-R02-14,optional_coverage,Covered,Optional,Match,Verified
8,Field Service Technician,NSF-R02-15,optional_coverage,Covered,Optional,Match,Verified
8,Field Service Technician,NSF-R02-16,optional_coverage,Covered,Optional,Match,Verified
9,Field Service Technician,NSF-R02-01,mandatory_coverage,Covered,Required,Match,Verified
9,Field Service Technician,NSF-R02-02,mandatory_coverage,Covered,Required,Match,Verified
9,Field Service Technician,NSF-R02-03,mandatory_coverage,Covered,Required,Match,Verified
9,Field Service Technician,NSF-R02-04,mandatory_coverage,Covered,Required,Match,Verified
9,Field Service Technician,NSF-R02-05,mandatory_coverage,Covered,Required,Match,Verified
9,Field Service Technician,NSF-R02-06,mandatory_coverage,Covered,Required,Match,Verified
9,Field Service Technician,NSF-R02-07,mandatory_coverage,Covered,Required,Match,Verified
9,Field Service Technician,NSF-R02-08,mandatory_coverage,Covered,Required,Match,Verified
9,Field Service Technician,NSF-R02-09,optional_coverage,Covered,Optional,Match,Verified
9,Field Service Technician,NSF-R02-10,optional_coverage,Covered,Optional,Match,Verified
9,Field Service Technician,NSF-R02-11,optional_coverage,Covered,Optional,Match,Verified
9,Field Service Technician,NSF-R02-12,optional_coverage,Covered,Optional,Match,Verified
9,Field Service Technician,NSF-R02-13,optional_coverage,Covered,Optional,Match,Verified
9,Field Service Technician,NSF-R02-14,optional_coverage,Covered,Optional,Match,Verified
9,Field Service Technician,NSF-R02-15,optional_coverage,Covered,Optional,Match,Verified
9,Field Service Technician,NSF-R02-16,optional_coverage,Covered,Optional,Match,Verified
10,Field Service Technician,NSF-R02-01,mandatory_coverage,Covered,Required,Match,Verified
10,Field Service Technician,NSF-R02-02,mandatory_coverage,Covered,Required,Match,Verified
10,Field Service Technician,NSF-R02-03,mandatory_coverage,Covered,Required,Match,Verified
10,Field Service Technician,NSF-R02-04,mandatory_coverage,Covered,Required,Match,Verified
10,Field Service Technician,NSF-R02-05,mandatory_coverage,Covered,Required,Match,Verified
10,Field Service Technician,NSF-R02-06,mandatory_coverage,Covered,Required,Match,Verified
10,Field Service Technician,NSF-R02-07,mandatory_coverage,Covered,Required,Match,Verified
10,Field Service Technician,NSF-R02-08,mandatory_coverage,Covered,Required,Match,Verified
10,Field Service Technician,NSF-R02-09,optional_coverage,Covered,Optional,Match,Verified
10,Field Service Technician,NSF-R02-10,optional_coverage,Covered,Optional,Match,Verified
10,Field Service Technician,NSF-R02-11,optional_coverage,Covered,Optional,Match,Verified
10,Field Service Technician,NSF-R02-12,optional_coverage,Covered,Optional,Match,Verified
10,Field Service Technician,NSF-R02-13,optional_coverage,Covered,Optional,Match,Verified
10,Field Service Technician,NSF-R02-14,optional_coverage,Covered,Optional,Match,Verified
10,Field Service Technician,NSF-R02-15,optional_coverage,Covered,Optional,Match,Verified
10,Field Service Technician,NSF-R02-16,optional_coverage,Covered,Optional,Match,Verified
15,HR Executive,REQ-005,mandatory_coverage,Covered,Required,Match,Verified
15,HR Executive,REQ-008,mandatory_coverage,Covered,Required,Match,Verified
15,HR Executive,REQ-009,mandatory_coverage,Covered,Required,Match,Verified
15,HR Executive,REQ-010,mandatory_coverage,Covered,Required,Match,Verified
16,Software Engineer,REQ-001,mandatory_coverage,Covered,Required,Match,Verified
16,Software Engineer,REQ-002,mandatory_coverage,Covered,Required,Match,Verified
16,Software Engineer,REQ-008,mandatory_coverage,Covered,Required,Match,Verified
16,Software Engineer,REQ-009,mandatory_coverage,Covered,Required,Match,Verified
16,Software Engineer,REQ-010,mandatory_coverage,Covered,Required,Match,Verified
17,Software Engineer,REQ-001,mandatory_coverage,Covered,Required,Match,Verified
17,Software Engineer,REQ-002,mandatory_coverage,Covered,Required,Match,Verified
17,Software Engineer,REQ-008,mandatory_coverage,Covered,Required,Match,Verified
17,Software Engineer,REQ-009,mandatory_coverage,Covered,Required,Match,Verified
17,Software Engineer,REQ-010,mandatory_coverage,Covered,Required,Match,Verified
21,Software Engineer,NEX-ENG-SOP-001-AI-R002,mandatory_coverage,Covered,Required,Match,Verified
21,Software Engineer,REQ-001,mandatory_coverage,Covered,Required,Match,Verified
21,Software Engineer,REQ-002,mandatory_coverage,Covered,Required,Match,Verified
21,Software Engineer,REQ-008,mandatory_coverage,Covered,Required,Match,Verified
21,Software Engineer,REQ-009,mandatory_coverage,Covered,Required,Match,Verified
21,Software Engineer,REQ-010,mandatory_coverage,Covered,Required,Match,Verified
21,Software Engineer,NEX-HBK-001-AI-R001,mandatory_coverage,Covered,Required,Match,Verified
21,Software Engineer,NEX-HBK-001-AI-R002,mandatory_coverage,Covered,Required,Match,Verified
21,Software Engineer,NEX-HBK-001-AI-R003,mandatory_coverage,Covered,Required,Match,Verified
21,Software Engineer,NEX-HBK-001-AI-R004,mandatory_coverage,Covered,Required,Match,Verified
21,Software Engineer,NEX-HBK-001-AI-R005,mandatory_coverage,Covered,Required,Match,Verified
21,Software Engineer,NEX-HBK-001-AI-R006,mandatory_coverage,Covered,Required,Match,Verified
21,Software Engineer,NEX-HBK-001-AI-R007,mandatory_coverage,Covered,Required,Match,Verified
21,Software Engineer,NEX-HBK-001-AI-R008,mandatory_coverage,Covered,Required,Match,Verified
21,Software Engineer,NEX-HBK-001-AI-R009,mandatory_coverage,Covered,Required,Match,Verified
21,Software Engineer,NEX-HBK-001-AI-R010,mandatory_coverage,Covered,Required,Match,Verified
21,Software Engineer,NEX-HBK-001-AI-R011,mandatory_coverage,Covered,Required,Match,Verified
21,Software Engineer,NEX-HBK-001-AI-R012,mandatory_coverage,Covered,Required,Match,Verified
21,Software Engineer,NEX-HBK-001-AI-R013,mandatory_coverage,Covered,Required,Match,Verified
21,Software Engineer,NEX-HBK-001-AI-R014,mandatory_coverage,Covered,Required,Match,Verified
21,Software Engineer,NEX-HBK-001-AI-R016,mandatory_coverage,Covered,Required,Match,Verified
21,Software Engineer,NEX-HBK-001-AI-R018,mandatory_coverage,Covered,Required,Match,Verified
21,Software Engineer,NEX-HR-001-AI-R001,mandatory_coverage,Covered,Required,Match,Verified
21,Software Engineer,NEX-LEAVE-001-AI-R001,mandatory_coverage,Covered,Required,Match,Verified
21,Software Engineer,NEX-SEC-001-AI-R001,mandatory_coverage,Covered,Required,Match,Verified
21,Software Engineer,NEX-SEC-001-AI-R002,mandatory_coverage,Covered,Required,Match,Verified
21,Software Engineer,NEX-CON-001-AI-R001,mandatory_coverage,Covered,Required,Match,Verified
21,Software Engineer,NEX-PRIV-001-AI-R001,mandatory_coverage,Covered,Required,Match,Verified
21,Software Engineer,NEX-PRIV-001-AI-R002,mandatory_coverage,Covered,Required,Match,Verified
21,Software Engineer,NEX-PRIV-001-AI-R003,mandatory_coverage,Covered,Required,Match,Verified
21,Software Engineer,NEX-ENG-SOP-001-AI-R001,mandatory_coverage,Covered,Required,Match,Verified
21,Software Engineer,NEX-ENG-SOP-001-AI-R003,mandatory_coverage,Covered,Required,Match,Verified
21,Software Engineer,NEX-ENG-SOP-001-AI-R004,mandatory_coverage,Covered,Required,Match,Verified
21,Software Engineer,NEX-ENG-SOP-001-AI-R005,mandatory_coverage,Covered,Required,Match,Verified
21,Software Engineer,NEX-FIN-SOP-001-AI-R001,mandatory_coverage,Covered,Required,Match,Verified
21,Software Engineer,NEX-FIN-SOP-001-AI-R002,mandatory_coverage,Covered,Required,Match,Verified
21,Software Engineer,NEX-FIN-SOP-001-AI-R003,mandatory_coverage,Covered,Required,Match,Verified
21,Software Engineer,NEX-FIN-SOP-001-AI-R004,mandatory_coverage,Covered,Required,Match,Verified
21,Software Engineer,NEX-ROLE-001-AI-R001,mandatory_coverage,Covered,Required,Match,Verified
21,Software Engineer,NEX-ROLE-001-AI-R002,mandatory_coverage,Covered,Required,Match,Verified
21,Software Engineer,NEX-ROLE-001-AI-R003,mandatory_coverage,Covered,Required,Match,Verified
21,Software Engineer,NEX-ROLE-001-AI-R004,mandatory_coverage,Covered,Required,Match,Verified
21,Software Engineer,NEX-ROLE-001-AI-R005,mandatory_coverage,Covered,Required,Match,Verified
21,Software Engineer,NEX-ROLE-001-AI-R006,mandatory_coverage,Covered,Required,Match,Verified
21,Software Engineer,NEX-FAQ-001-AI-R001,mandatory_coverage,Covered,Required,Match,Verified
21,Software Engineer,NEX-FAQ-001-AI-R002,mandatory_coverage,Covered,Required,Match,Verified
21,Software Engineer,NEX-FAQ-001-AI-R003,mandatory_coverage,Covered,Required,Match,Verified
21,Software Engineer,NEX-FAQ-001-AI-R004,mandatory_coverage,Covered,Required,Match,Verified
21,Software Engineer,NEX-FAQ-001-AI-R005,mandatory_coverage,Covered,Required,Match,Verified
21,Software Engineer,NEX-FAQ-001-AI-R006,mandatory_coverage,Covered,Required,Match,Verified
21,Software Engineer,NEX-FAQ-001-AI-R007,mandatory_coverage,Covered,Required,Match,Verified
21,Software Engineer,NEX-FAQ-001-AI-R008,mandatory_coverage,Covered,Required,Match,Verified
21,Software Engineer,NEX-PROC-002-AI-R001,mandatory_coverage,Covered,Required,Match,Verified
21,Software Engineer,NEX-PROC-003-AI-R001,mandatory_coverage,Covered,Required,Match,Verified
21,Software Engineer,NEX-PROC-003-AI-R002,mandatory_coverage,Covered,Required,Match,Verified
21,Software Engineer,NEX-COMP-001-AI-R001,mandatory_coverage,Covered,Required,Match,Verified
21,Software Engineer,NEX-ESC-001-AI-R001,mandatory_coverage,Covered,Required,Match,Verified
21,Software Engineer,NEX-FAQ-002-AI-R001,mandatory_coverage,Covered,Required,Match,Verified
21,Software Engineer,NEX-PROC-001-AI-R001,mandatory_coverage,Covered,Required,Match,Verified
21,Software Engineer,NEX-PROC-001-AI-R002,mandatory_coverage,Covered,Required,Match,Verified
21,Software Engineer,NEX-PROC-001-AI-R003,mandatory_coverage,Covered,Required,Match,Verified
21,Software Engineer,NEX-PROC-001-AI-R004,mandatory_coverage,Covered,Required,Match,Verified
21,Software Engineer,NEX-PROC-001-AI-R005,mandatory_coverage,Covered,Required,Match,Verified
21,Software Engineer,NEX-PROC-001-AI-R006,mandatory_coverage,Covered,Required,Match,Verified
21,Software Engineer,NEX-PROC-001-AI-R007,mandatory_coverage,Covered,Required,Match,Verified
21,Software Engineer,NEXORA-R001,mandatory_coverage,Covered,Required,Match,Verified
21,Software Engineer,NEXORA-R002,mandatory_coverage,Covered,Required,Match,Verified
21,Software Engineer,NEXORA-R003,mandatory_coverage,Covered,Required,Match,Verified
21,Software Engineer,NEXORA-R004,mandatory_coverage,Covered,Required,Match,Verified
21,Software Engineer,NEXORA-R005,mandatory_coverage,Covered,Required,Match,Verified
21,Software Engineer,NEXORA-R006,mandatory_coverage,Covered,Required,Match,Verified
21,Software Engineer,NEXORA-R025,mandatory_coverage,Covered,Required,Match,Verified
21,Software Engineer,NEXORA-2-R008,mandatory_coverage,Covered,Required,Match,Verified
21,Software Engineer,NEXORA-3-R001,mandatory_coverage,Covered,Required,Match,Verified
21,Software Engineer,NEXORA-4-R001,mandatory_coverage,Covered,Required,Match,Verified
21,Software Engineer,NEXORA-R026,mandatory_coverage,Covered,Required,Match,Verified
21,Software Engineer,NEXORA-2-R001,mandatory_coverage,Covered,Required,Match,Verified
21,Software Engineer,NEXORA-2-R009,mandatory_coverage,Covered,Required,Match,Verified
21,Software Engineer,NEXORA-3-R002,mandatory_coverage,Covered,Required,Match,Verified
21,Software Engineer,NEXORA-4-R002,mandatory_coverage,Covered,Required,Match,Verified
21,Software Engineer,NEXORA-2-R010,mandatory_coverage,Covered,Required,Match,Verified
21,Software Engineer,NEXORA-4-R003,mandatory_coverage,Covered,Required,Match,Verified
21,Software Engineer,NEXORA-R021,mandatory_coverage,Covered,Required,Match,Verified
21,Software Engineer,NEXORA-4-R004,mandatory_coverage,Covered,Required,Match,Verified
21,Software Engineer,NEXORA-R022,mandatory_coverage,Covered,Required,Match,Verified
21,Software Engineer,NEXORA-R023,mandatory_coverage,Covered,Required,Match,Verified
21,Software Engineer,NEXORA-2-R002,mandatory_coverage,Covered,Required,Match,Verified
21,Software Engineer,NEX-HBK-001-AI-R015,optional_coverage,Covered,Optional,Match,Verified
21,Software Engineer,NEX-HBK-001-AI-R017,optional_coverage,Covered,Optional,Match,Verified
21,Software Engineer,NEX-HBK-001-AI-R019,optional_coverage,Covered,Optional,Match,Verified
21,Software Engineer,NEXORA-R024,optional_coverage,Covered,Optional,Match,Verified
21,Software Engineer,NEXORA-R028,optional_coverage,Covered,Optional,Match,Verified
21,Software Engineer,NEXORA-3-R003,optional_coverage,Covered,Optional,Match,Verified
21,Software Engineer,-,contradiction,Task 'Study NEX-HBK-001-AI-R008' may violate mandatory rule: Employees must not share credentials.,consistent policy required,Mismatch,Contradiction Detected
21,Software Engineer,-,contradiction,Task 'Study NEX-HBK-001-AI-R009' may violate mandatory rule: Employees must not disable security controls.,consistent policy required,Mismatch,Contradiction Detected
21,Software Engineer,-,contradiction,Task 'Study NEX-HBK-001-AI-R010' may violate mandatory rule: Employees must not upload confidential information to personal drives or unapproved AI services.,consistent policy required,Mismatch,Contradiction Detected
21,Software Engineer,-,contradiction,"Task 'Study NEX-SEC-001-AI-R002' may violate mandatory rule: Employees must use individual accounts and must not share passwords, tokens, or authentication devices.",consistent policy required,Mismatch,Contradiction Detected
21,Software Engineer,-,contradiction,Task 'Study NEXORA-4-R001' may violate mandatory rule: Employees must use individual passwords and must not share them.,consistent policy required,Mismatch,Contradiction Detected
21,Software Engineer,-,contradiction,Task 'Study NEX-HBK-001-AI-R007' may violate mandatory rule: Employees must not install unapproved software on company devices.,consistent policy required,Mismatch,Contradiction Detected
18,Software Engineer,REQ-001,mandatory_coverage,Covered,Required,Match,Verified
18,Software Engineer,REQ-002,mandatory_coverage,Covered,Required,Match,Verified
18,Software Engineer,REQ-008,mandatory_coverage,Covered,Required,Match,Verified
18,Software Engineer,REQ-009,mandatory_coverage,Covered,Required,Match,Verified
18,Software Engineer,REQ-010,mandatory_coverage,Covered,Required,Match,Verified
18,Software Engineer,{'REQ-008'},role_relevance,All Roles,Software Engineer,Mismatch,Manual Review Required
18,Software Engineer,{'REQ-009'},role_relevance,All Roles,Software Engineer,Mismatch,Manual Review Required
18,Software Engineer,{'REQ-010'},role_relevance,All Roles,Software Engineer,Mismatch,Manual Review Required
19,Software Engineer,NEX-ENG-SOP-001-AI-R002,mandatory_coverage,Covered,Required,Match,Verified
19,Software Engineer,REQ-001,mandatory_coverage,Covered,Required,Match,Verified
19,Software Engineer,REQ-002,mandatory_coverage,Covered,Required,Match,Verified
19,Software Engineer,REQ-008,mandatory_coverage,Covered,Required,Match,Verified
19,Software Engineer,REQ-009,mandatory_coverage,Covered,Required,Match,Verified
19,Software Engineer,REQ-010,mandatory_coverage,Covered,Required,Match,Verified
19,Software Engineer,NEX-HBK-001-AI-R001,mandatory_coverage,Covered,Required,Match,Verified
19,Software Engineer,NEX-HBK-001-AI-R002,mandatory_coverage,Covered,Required,Match,Verified
19,Software Engineer,NEX-HBK-001-AI-R003,mandatory_coverage,Covered,Required,Match,Verified
19,Software Engineer,NEX-HBK-001-AI-R004,mandatory_coverage,Covered,Required,Match,Verified
19,Software Engineer,NEX-HBK-001-AI-R005,mandatory_coverage,Covered,Required,Match,Verified
19,Software Engineer,NEX-HBK-001-AI-R006,mandatory_coverage,Covered,Required,Match,Verified
19,Software Engineer,NEX-HBK-001-AI-R007,mandatory_coverage,Covered,Required,Match,Verified
19,Software Engineer,NEX-HBK-001-AI-R008,mandatory_coverage,Covered,Required,Match,Verified
19,Software Engineer,NEX-HBK-001-AI-R009,mandatory_coverage,Covered,Required,Match,Verified
19,Software Engineer,NEX-HBK-001-AI-R010,mandatory_coverage,Covered,Required,Match,Verified
19,Software Engineer,NEX-HBK-001-AI-R011,mandatory_coverage,Covered,Required,Match,Verified
19,Software Engineer,NEX-HBK-001-AI-R012,mandatory_coverage,Covered,Required,Match,Verified
19,Software Engineer,NEX-HBK-001-AI-R013,mandatory_coverage,Covered,Required,Match,Verified
19,Software Engineer,NEX-HBK-001-AI-R014,mandatory_coverage,Covered,Required,Match,Verified
19,Software Engineer,NEX-HBK-001-AI-R016,mandatory_coverage,Covered,Required,Match,Verified
19,Software Engineer,NEX-HBK-001-AI-R018,mandatory_coverage,Covered,Required,Match,Verified
19,Software Engineer,NEX-HR-001-AI-R001,mandatory_coverage,Covered,Required,Match,Verified
19,Software Engineer,NEX-LEAVE-001-AI-R001,mandatory_coverage,Covered,Required,Match,Verified
19,Software Engineer,NEX-SEC-001-AI-R001,mandatory_coverage,Covered,Required,Match,Verified
19,Software Engineer,NEX-SEC-001-AI-R002,mandatory_coverage,Covered,Required,Match,Verified
19,Software Engineer,NEX-CON-001-AI-R001,mandatory_coverage,Covered,Required,Match,Verified
19,Software Engineer,NEX-PRIV-001-AI-R001,mandatory_coverage,Covered,Required,Match,Verified
19,Software Engineer,NEX-PRIV-001-AI-R002,mandatory_coverage,Covered,Required,Match,Verified
19,Software Engineer,NEX-PRIV-001-AI-R003,mandatory_coverage,Covered,Required,Match,Verified
19,Software Engineer,NEX-ENG-SOP-001-AI-R001,mandatory_coverage,Covered,Required,Match,Verified
19,Software Engineer,NEX-ENG-SOP-001-AI-R003,mandatory_coverage,Covered,Required,Match,Verified
19,Software Engineer,NEX-ENG-SOP-001-AI-R004,mandatory_coverage,Covered,Required,Match,Verified
19,Software Engineer,NEX-ENG-SOP-001-AI-R005,mandatory_coverage,Covered,Required,Match,Verified
19,Software Engineer,NEX-FIN-SOP-001-AI-R001,mandatory_coverage,Covered,Required,Match,Verified
19,Software Engineer,NEX-FIN-SOP-001-AI-R002,mandatory_coverage,Covered,Required,Match,Verified
19,Software Engineer,NEX-FIN-SOP-001-AI-R003,mandatory_coverage,Covered,Required,Match,Verified
19,Software Engineer,NEX-FIN-SOP-001-AI-R004,mandatory_coverage,Covered,Required,Match,Verified
19,Software Engineer,NEX-ROLE-001-AI-R001,mandatory_coverage,Covered,Required,Match,Verified
19,Software Engineer,NEX-ROLE-001-AI-R002,mandatory_coverage,Covered,Required,Match,Verified
19,Software Engineer,NEX-ROLE-001-AI-R003,mandatory_coverage,Covered,Required,Match,Verified
19,Software Engineer,NEX-ROLE-001-AI-R004,mandatory_coverage,Covered,Required,Match,Verified
19,Software Engineer,NEX-ROLE-001-AI-R005,mandatory_coverage,Covered,Required,Match,Verified
19,Software Engineer,NEX-ROLE-001-AI-R006,mandatory_coverage,Covered,Required,Match,Verified
19,Software Engineer,NEX-FAQ-001-AI-R001,mandatory_coverage,Covered,Required,Match,Verified
19,Software Engineer,NEX-FAQ-001-AI-R002,mandatory_coverage,Covered,Required,Match,Verified
19,Software Engineer,NEX-FAQ-001-AI-R003,mandatory_coverage,Covered,Required,Match,Verified
19,Software Engineer,NEX-FAQ-001-AI-R004,mandatory_coverage,Covered,Required,Match,Verified
19,Software Engineer,NEX-FAQ-001-AI-R005,mandatory_coverage,Covered,Required,Match,Verified
19,Software Engineer,NEX-FAQ-001-AI-R006,mandatory_coverage,Covered,Required,Match,Verified
19,Software Engineer,NEX-FAQ-001-AI-R007,mandatory_coverage,Covered,Required,Match,Verified
19,Software Engineer,NEX-FAQ-001-AI-R008,mandatory_coverage,Covered,Required,Match,Verified
19,Software Engineer,NEX-PROC-002-AI-R001,mandatory_coverage,Covered,Required,Match,Verified
19,Software Engineer,NEX-PROC-003-AI-R001,mandatory_coverage,Covered,Required,Match,Verified
19,Software Engineer,NEX-PROC-003-AI-R002,mandatory_coverage,Covered,Required,Match,Verified
19,Software Engineer,NEX-COMP-001-AI-R001,mandatory_coverage,Covered,Required,Match,Verified
19,Software Engineer,NEX-ESC-001-AI-R001,mandatory_coverage,Covered,Required,Match,Verified
19,Software Engineer,NEX-FAQ-002-AI-R001,mandatory_coverage,Covered,Required,Match,Verified
19,Software Engineer,NEX-PROC-001-AI-R001,mandatory_coverage,Covered,Required,Match,Verified
19,Software Engineer,NEX-PROC-001-AI-R002,mandatory_coverage,Covered,Required,Match,Verified
19,Software Engineer,NEX-PROC-001-AI-R003,mandatory_coverage,Covered,Required,Match,Verified
19,Software Engineer,NEX-PROC-001-AI-R004,mandatory_coverage,Covered,Required,Match,Verified
19,Software Engineer,NEX-PROC-001-AI-R005,mandatory_coverage,Covered,Required,Match,Verified
19,Software Engineer,NEX-PROC-001-AI-R006,mandatory_coverage,Covered,Required,Match,Verified
19,Software Engineer,NEX-PROC-001-AI-R007,mandatory_coverage,Covered,Required,Match,Verified
19,Software Engineer,NEX-HBK-001-AI-R015,optional_coverage,Covered,Optional,Match,Verified
19,Software Engineer,NEX-HBK-001-AI-R017,optional_coverage,Covered,Optional,Match,Verified
19,Software Engineer,NEX-HBK-001-AI-R019,optional_coverage,Covered,Optional,Match,Verified
19,Software Engineer,-,contradiction,Task 'Study NEX-HBK-001-AI-R008' may violate mandatory rule: Employees must not share credentials.,consistent policy required,Mismatch,Contradiction Detected
19,Software Engineer,-,contradiction,Task 'Study NEX-HBK-001-AI-R009' may violate mandatory rule: Employees must not disable security controls.,consistent policy required,Mismatch,Contradiction Detected
19,Software Engineer,-,contradiction,Task 'Study NEX-HBK-001-AI-R010' may violate mandatory rule: Employees must not upload confidential information to personal drives or unapproved AI services.,consistent policy required,Mismatch,Contradiction Detected
19,Software Engineer,-,contradiction,"Task 'Study NEX-SEC-001-AI-R002' may violate mandatory rule: Employees must use individual accounts and must not share passwords, tokens, or authentication devices.",consistent policy required,Mismatch,Contradiction Detected
19,Software Engineer,-,contradiction,Task 'Study NEX-HBK-001-AI-R007' may violate mandatory rule: Employees must not install unapproved software on company devices.,consistent policy required,Mismatch,Contradiction Detected
19,Software Engineer,-,contradiction,Task 'Study NEX-PROC-003-AI-R002' may violate mandatory rule: People Operations must notify the manager and required control owners of the approved separation.,consistent policy required,Mismatch,Contradiction Detected
20,Software Engineer,NEX-ENG-SOP-001-AI-R002,mandatory_coverage,Covered,Required,Match,Verified
20,Software Engineer,REQ-001,mandatory_coverage,Covered,Required,Match,Verified
20,Software Engineer,REQ-002,mandatory_coverage,Covered,Required,Match,Verified
20,Software Engineer,REQ-008,mandatory_coverage,Covered,Required,Match,Verified
20,Software Engineer,REQ-009,mandatory_coverage,Covered,Required,Match,Verified
20,Software Engineer,REQ-010,mandatory_coverage,Covered,Required,Match,Verified
20,Software Engineer,NEX-HBK-001-AI-R001,mandatory_coverage,Covered,Required,Match,Verified
20,Software Engineer,NEX-HBK-001-AI-R002,mandatory_coverage,Covered,Required,Match,Verified
20,Software Engineer,NEX-HBK-001-AI-R003,mandatory_coverage,Covered,Required,Match,Verified
20,Software Engineer,NEX-HBK-001-AI-R004,mandatory_coverage,Covered,Required,Match,Verified
20,Software Engineer,NEX-HBK-001-AI-R005,mandatory_coverage,Covered,Required,Match,Verified
20,Software Engineer,NEX-HBK-001-AI-R006,mandatory_coverage,Covered,Required,Match,Verified
20,Software Engineer,NEX-HBK-001-AI-R007,mandatory_coverage,Covered,Required,Match,Verified
20,Software Engineer,NEX-HBK-001-AI-R008,mandatory_coverage,Covered,Required,Match,Verified
20,Software Engineer,NEX-HBK-001-AI-R009,mandatory_coverage,Covered,Required,Match,Verified
20,Software Engineer,NEX-HBK-001-AI-R010,mandatory_coverage,Covered,Required,Match,Verified
20,Software Engineer,NEX-HBK-001-AI-R011,mandatory_coverage,Covered,Required,Match,Verified
20,Software Engineer,NEX-HBK-001-AI-R012,mandatory_coverage,Covered,Required,Match,Verified
20,Software Engineer,NEX-HBK-001-AI-R013,mandatory_coverage,Covered,Required,Match,Verified
20,Software Engineer,NEX-HBK-001-AI-R014,mandatory_coverage,Covered,Required,Match,Verified
20,Software Engineer,NEX-HBK-001-AI-R016,mandatory_coverage,Covered,Required,Match,Verified
20,Software Engineer,NEX-HBK-001-AI-R018,mandatory_coverage,Covered,Required,Match,Verified
20,Software Engineer,NEX-HR-001-AI-R001,mandatory_coverage,Covered,Required,Match,Verified
20,Software Engineer,NEX-LEAVE-001-AI-R001,mandatory_coverage,Covered,Required,Match,Verified
20,Software Engineer,NEX-SEC-001-AI-R001,mandatory_coverage,Covered,Required,Match,Verified
20,Software Engineer,NEX-SEC-001-AI-R002,mandatory_coverage,Covered,Required,Match,Verified
20,Software Engineer,NEX-CON-001-AI-R001,mandatory_coverage,Covered,Required,Match,Verified
20,Software Engineer,NEX-PRIV-001-AI-R001,mandatory_coverage,Covered,Required,Match,Verified
20,Software Engineer,NEX-PRIV-001-AI-R002,mandatory_coverage,Covered,Required,Match,Verified
20,Software Engineer,NEX-PRIV-001-AI-R003,mandatory_coverage,Covered,Required,Match,Verified
20,Software Engineer,NEX-ENG-SOP-001-AI-R001,mandatory_coverage,Covered,Required,Match,Verified
20,Software Engineer,NEX-ENG-SOP-001-AI-R003,mandatory_coverage,Covered,Required,Match,Verified
20,Software Engineer,NEX-ENG-SOP-001-AI-R004,mandatory_coverage,Covered,Required,Match,Verified
20,Software Engineer,NEX-ENG-SOP-001-AI-R005,mandatory_coverage,Covered,Required,Match,Verified
20,Software Engineer,NEX-FIN-SOP-001-AI-R001,mandatory_coverage,Covered,Required,Match,Verified
20,Software Engineer,NEX-FIN-SOP-001-AI-R002,mandatory_coverage,Covered,Required,Match,Verified
20,Software Engineer,NEX-FIN-SOP-001-AI-R003,mandatory_coverage,Covered,Required,Match,Verified
20,Software Engineer,NEX-FIN-SOP-001-AI-R004,mandatory_coverage,Covered,Required,Match,Verified
20,Software Engineer,NEX-ROLE-001-AI-R001,mandatory_coverage,Covered,Required,Match,Verified
20,Software Engineer,NEX-ROLE-001-AI-R002,mandatory_coverage,Covered,Required,Match,Verified
20,Software Engineer,NEX-ROLE-001-AI-R003,mandatory_coverage,Covered,Required,Match,Verified
20,Software Engineer,NEX-ROLE-001-AI-R004,mandatory_coverage,Covered,Required,Match,Verified
20,Software Engineer,NEX-ROLE-001-AI-R005,mandatory_coverage,Covered,Required,Match,Verified
20,Software Engineer,NEX-ROLE-001-AI-R006,mandatory_coverage,Covered,Required,Match,Verified
20,Software Engineer,NEX-FAQ-001-AI-R001,mandatory_coverage,Covered,Required,Match,Verified
20,Software Engineer,NEX-FAQ-001-AI-R002,mandatory_coverage,Covered,Required,Match,Verified
20,Software Engineer,NEX-FAQ-001-AI-R003,mandatory_coverage,Covered,Required,Match,Verified
20,Software Engineer,NEX-FAQ-001-AI-R004,mandatory_coverage,Covered,Required,Match,Verified
20,Software Engineer,NEX-FAQ-001-AI-R005,mandatory_coverage,Covered,Required,Match,Verified
20,Software Engineer,NEX-FAQ-001-AI-R006,mandatory_coverage,Covered,Required,Match,Verified
20,Software Engineer,NEX-FAQ-001-AI-R007,mandatory_coverage,Covered,Required,Match,Verified
20,Software Engineer,NEX-FAQ-001-AI-R008,mandatory_coverage,Covered,Required,Match,Verified
20,Software Engineer,NEX-PROC-002-AI-R001,mandatory_coverage,Covered,Required,Match,Verified
20,Software Engineer,NEX-PROC-003-AI-R001,mandatory_coverage,Covered,Required,Match,Verified
20,Software Engineer,NEX-PROC-003-AI-R002,mandatory_coverage,Covered,Required,Match,Verified
20,Software Engineer,NEX-COMP-001-AI-R001,mandatory_coverage,Covered,Required,Match,Verified
20,Software Engineer,NEX-ESC-001-AI-R001,mandatory_coverage,Covered,Required,Match,Verified
20,Software Engineer,NEX-FAQ-002-AI-R001,mandatory_coverage,Covered,Required,Match,Verified
20,Software Engineer,NEX-PROC-001-AI-R001,mandatory_coverage,Covered,Required,Match,Verified
20,Software Engineer,NEX-PROC-001-AI-R002,mandatory_coverage,Covered,Required,Match,Verified
20,Software Engineer,NEX-PROC-001-AI-R003,mandatory_coverage,Covered,Required,Match,Verified
20,Software Engineer,NEX-PROC-001-AI-R004,mandatory_coverage,Covered,Required,Match,Verified
20,Software Engineer,NEX-PROC-001-AI-R005,mandatory_coverage,Covered,Required,Match,Verified
20,Software Engineer,NEX-PROC-001-AI-R006,mandatory_coverage,Covered,Required,Match,Verified
20,Software Engineer,NEX-PROC-001-AI-R007,mandatory_coverage,Covered,Required,Match,Verified
20,Software Engineer,NEXORA-R001,mandatory_coverage,Covered,Required,Match,Verified
20,Software Engineer,NEXORA-R002,mandatory_coverage,Covered,Required,Match,Verified
20,Software Engineer,NEXORA-R003,mandatory_coverage,Covered,Required,Match,Verified
20,Software Engineer,NEXORA-R004,mandatory_coverage,Covered,Required,Match,Verified
20,Software Engineer,NEXORA-R005,mandatory_coverage,Covered,Required,Match,Verified
20,Software Engineer,NEXORA-R006,mandatory_coverage,Covered,Required,Match,Verified
20,Software Engineer,NEXORA-R025,mandatory_coverage,Covered,Required,Match,Verified
20,Software Engineer,NEXORA-2-R008,mandatory_coverage,Covered,Required,Match,Verified
20,Software Engineer,NEXORA-3-R001,mandatory_coverage,Covered,Required,Match,Verified
20,Software Engineer,NEXORA-4-R001,mandatory_coverage,Covered,Required,Match,Verified
20,Software Engineer,NEXORA-R026,mandatory_coverage,Covered,Required,Match,Verified
20,Software Engineer,NEXORA-2-R001,mandatory_coverage,Covered,Required,Match,Verified
20,Software Engineer,NEXORA-2-R009,mandatory_coverage,Covered,Required,Match,Verified
20,Software Engineer,NEXORA-3-R002,mandatory_coverage,Covered,Required,Match,Verified
20,Software Engineer,NEXORA-4-R002,mandatory_coverage,Covered,Required,Match,Verified
20,Software Engineer,NEXORA-2-R010,mandatory_coverage,Covered,Required,Match,Verified
20,Software Engineer,NEXORA-4-R003,mandatory_coverage,Covered,Required,Match,Verified
20,Software Engineer,NEXORA-R021,mandatory_coverage,Covered,Required,Match,Verified
20,Software Engineer,NEXORA-4-R004,mandatory_coverage,Covered,Required,Match,Verified
20,Software Engineer,NEXORA-R022,mandatory_coverage,Covered,Required,Match,Verified
20,Software Engineer,NEXORA-R023,mandatory_coverage,Covered,Required,Match,Verified
20,Software Engineer,NEXORA-2-R002,mandatory_coverage,Covered,Required,Match,Verified
20,Software Engineer,NEX-HBK-001-AI-R015,optional_coverage,Covered,Optional,Match,Verified
20,Software Engineer,NEX-HBK-001-AI-R017,optional_coverage,Covered,Optional,Match,Verified
20,Software Engineer,NEX-HBK-001-AI-R019,optional_coverage,Covered,Optional,Match,Verified
20,Software Engineer,NEXORA-R024,optional_coverage,Covered,Optional,Match,Verified
20,Software Engineer,NEXORA-R028,optional_coverage,Covered,Optional,Match,Verified
20,Software Engineer,NEXORA-3-R003,optional_coverage,Covered,Optional,Match,Verified
22,HR Executive,NEX-ENG-SOP-001-AI-R002,mandatory_coverage,Covered,Required,Match,Verified
22,HR Executive,REQ-005,mandatory_coverage,Covered,Required,Match,Verified
22,HR Executive,REQ-008,mandatory_coverage,Covered,Required,Match,Verified
22,HR Executive,REQ-009,mandatory_coverage,Covered,Required,Match,Verified
22,HR Executive,REQ-010,mandatory_coverage,Covered,Required,Match,Verified
22,HR Executive,NEX-HBK-001-AI-R001,mandatory_coverage,Covered,Required,Match,Verified
22,HR Executive,NEX-HBK-001-AI-R002,mandatory_coverage,Covered,Required,Match,Verified
22,HR Executive,NEX-HBK-001-AI-R003,mandatory_coverage,Covered,Required,Match,Verified
22,HR Executive,NEX-HBK-001-AI-R004,mandatory_coverage,Covered,Required,Match,Verified
22,HR Executive,NEX-HBK-001-AI-R005,mandatory_coverage,Covered,Required,Match,Verified
22,HR Executive,NEX-HBK-001-AI-R006,mandatory_coverage,Covered,Required,Match,Verified
22,HR Executive,NEX-HBK-001-AI-R007,mandatory_coverage,Covered,Required,Match,Verified
22,HR Executive,NEX-HBK-001-AI-R008,mandatory_coverage,Covered,Required,Match,Verified
22,HR Executive,NEX-HBK-001-AI-R009,mandatory_coverage,Covered,Required,Match,Verified
22,HR Executive,NEX-HBK-001-AI-R010,mandatory_coverage,Covered,Required,Match,Verified
22,HR Executive,NEX-HBK-001-AI-R011,mandatory_coverage,Covered,Required,Match,Verified
22,HR Executive,NEX-HBK-001-AI-R012,mandatory_coverage,Covered,Required,Match,Verified
22,HR Executive,NEX-HBK-001-AI-R013,mandatory_coverage,Covered,Required,Match,Verified
22,HR Executive,NEX-HBK-001-AI-R014,mandatory_coverage,Covered,Required,Match,Verified
22,HR Executive,NEX-HBK-001-AI-R016,mandatory_coverage,Covered,Required,Match,Verified
22,HR Executive,NEX-HBK-001-AI-R018,mandatory_coverage,Covered,Required,Match,Verified
22,HR Executive,NEX-HR-001-AI-R001,mandatory_coverage,Covered,Required,Match,Verified
22,HR Executive,NEX-LEAVE-001-AI-R001,mandatory_coverage,Covered,Required,Match,Verified
22,HR Executive,NEX-SEC-001-AI-R001,mandatory_coverage,Covered,Required,Match,Verified
22,HR Executive,NEX-SEC-001-AI-R002,mandatory_coverage,Covered,Required,Match,Verified
22,HR Executive,NEX-CON-001-AI-R001,mandatory_coverage,Covered,Required,Match,Verified
22,HR Executive,NEX-PRIV-001-AI-R001,mandatory_coverage,Covered,Required,Match,Verified
22,HR Executive,NEX-PRIV-001-AI-R002,mandatory_coverage,Covered,Required,Match,Verified
22,HR Executive,NEX-PRIV-001-AI-R003,mandatory_coverage,Covered,Required,Match,Verified
22,HR Executive,NEX-ENG-SOP-001-AI-R001,mandatory_coverage,Covered,Required,Match,Verified
22,HR Executive,NEX-ENG-SOP-001-AI-R003,mandatory_coverage,Covered,Required,Match,Verified
22,HR Executive,NEX-ENG-SOP-001-AI-R004,mandatory_coverage,Covered,Required,Match,Verified
22,HR Executive,NEX-ENG-SOP-001-AI-R005,mandatory_coverage,Covered,Required,Match,Verified
22,HR Executive,NEX-FIN-SOP-001-AI-R001,mandatory_coverage,Covered,Required,Match,Verified
22,HR Executive,NEX-FIN-SOP-001-AI-R002,mandatory_coverage,Covered,Required,Match,Verified
22,HR Executive,NEX-FIN-SOP-001-AI-R003,mandatory_coverage,Covered,Required,Match,Verified
22,HR Executive,NEX-FIN-SOP-001-AI-R004,mandatory_coverage,Covered,Required,Match,Verified
22,HR Executive,NEX-ROLE-005-AI-R001,mandatory_coverage,Covered,Required,Match,Verified
22,HR Executive,NEX-ROLE-005-AI-R002,mandatory_coverage,Covered,Required,Match,Verified
22,HR Executive,NEX-ROLE-005-AI-R003,mandatory_coverage,Covered,Required,Match,Verified
22,HR Executive,NEX-ROLE-005-AI-R004,mandatory_coverage,Covered,Required,Match,Verified
22,HR Executive,NEX-ROLE-005-AI-R005,mandatory_coverage,Covered,Required,Match,Verified
22,HR Executive,NEX-ROLE-005-AI-R006,mandatory_coverage,Covered,Required,Match,Verified
22,HR Executive,NEX-ROLE-005-AI-R007,mandatory_coverage,Covered,Required,Match,Verified
22,HR Executive,NEX-ROLE-005-AI-R008,mandatory_coverage,Covered,Required,Match,Verified
22,HR Executive,NEX-ROLE-005-AI-R009,mandatory_coverage,Covered,Required,Match,Verified
22,HR Executive,NEX-ROLE-005-AI-R010,mandatory_coverage,Covered,Required,Match,Verified
22,HR Executive,NEX-ROLE-005-AI-R011,mandatory_coverage,Covered,Required,Match,Verified
22,HR Executive,NEX-ROLE-005-AI-R012,mandatory_coverage,Covered,Required,Match,Verified
22,HR Executive,NEX-FAQ-001-AI-R001,mandatory_coverage,Covered,Required,Match,Verified
22,HR Executive,NEX-FAQ-001-AI-R002,mandatory_coverage,Covered,Required,Match,Verified
22,HR Executive,NEX-FAQ-001-AI-R003,mandatory_coverage,Covered,Required,Match,Verified
22,HR Executive,NEX-FAQ-001-AI-R004,mandatory_coverage,Covered,Required,Match,Verified
22,HR Executive,NEX-FAQ-001-AI-R005,mandatory_coverage,Covered,Required,Match,Verified
22,HR Executive,NEX-FAQ-001-AI-R006,mandatory_coverage,Covered,Required,Match,Verified
22,HR Executive,NEX-FAQ-001-AI-R007,mandatory_coverage,Covered,Required,Match,Verified
22,HR Executive,NEX-FAQ-001-AI-R008,mandatory_coverage,Covered,Required,Match,Verified
22,HR Executive,NEX-PROC-002-AI-R001,mandatory_coverage,Covered,Required,Match,Verified
22,HR Executive,NEX-PROC-003-AI-R001,mandatory_coverage,Covered,Required,Match,Verified
22,HR Executive,NEX-PROC-003-AI-R002,mandatory_coverage,Covered,Required,Match,Verified
22,HR Executive,NEX-COMP-001-AI-R001,mandatory_coverage,Covered,Required,Match,Verified
22,HR Executive,NEX-ESC-001-AI-R001,mandatory_coverage,Covered,Required,Match,Verified
22,HR Executive,NEX-FAQ-002-AI-R001,mandatory_coverage,Covered,Required,Match,Verified
22,HR Executive,NEX-PROC-001-AI-R001,mandatory_coverage,Covered,Required,Match,Verified
22,HR Executive,NEX-PROC-001-AI-R002,mandatory_coverage,Covered,Required,Match,Verified
22,HR Executive,NEX-PROC-001-AI-R003,mandatory_coverage,Covered,Required,Match,Verified
22,HR Executive,NEX-PROC-001-AI-R004,mandatory_coverage,Covered,Required,Match,Verified
22,HR Executive,NEX-PROC-001-AI-R005,mandatory_coverage,Covered,Required,Match,Verified
22,HR Executive,NEX-PROC-001-AI-R006,mandatory_coverage,Covered,Required,Match,Verified
22,HR Executive,NEX-PROC-001-AI-R007,mandatory_coverage,Covered,Required,Match,Verified
22,HR Executive,NEXORA-R001,mandatory_coverage,Covered,Required,Match,Verified
22,HR Executive,NEXORA-R002,mandatory_coverage,Covered,Required,Match,Verified
22,HR Executive,NEXORA-R003,mandatory_coverage,Covered,Required,Match,Verified
22,HR Executive,NEXORA-R004,mandatory_coverage,Covered,Required,Match,Verified
22,HR Executive,NEXORA-R005,mandatory_coverage,Covered,Required,Match,Verified
22,HR Executive,NEXORA-R006,mandatory_coverage,Covered,Required,Match,Verified
22,HR Executive,NEXORA-R015,mandatory_coverage,Covered,Required,Match,Verified
22,HR Executive,NEXORA-R025,mandatory_coverage,Covered,Required,Match,Verified
22,HR Executive,NEXORA-2-R008,mandatory_coverage,Covered,Required,Match,Verified
22,HR Executive,NEXORA-3-R001,mandatory_coverage,Covered,Required,Match,Verified
22,HR Executive,NEXORA-4-R001,mandatory_coverage,Covered,Required,Match,Verified
22,HR Executive,NEXORA-R026,mandatory_coverage,Covered,Required,Match,Verified
22,HR Executive,NEXORA-2-R001,mandatory_coverage,Covered,Required,Match,Verified
22,HR Executive,NEXORA-2-R005,mandatory_coverage,Covered,Required,Match,Verified
22,HR Executive,NEXORA-2-R009,mandatory_coverage,Covered,Required,Match,Verified
22,HR Executive,NEXORA-3-R002,mandatory_coverage,Covered,Required,Match,Verified
22,HR Executive,NEXORA-4-R002,mandatory_coverage,Covered,Required,Match,Verified
22,HR Executive,NEXORA-2-R010,mandatory_coverage,Covered,Required,Match,Verified
22,HR Executive,NEXORA-4-R003,mandatory_coverage,Covered,Required,Match,Verified
22,HR Executive,NEXORA-R021,mandatory_coverage,Covered,Required,Match,Verified
22,HR Executive,NEXORA-4-R004,mandatory_coverage,Covered,Required,Match,Verified
22,HR Executive,NEXORA-R022,mandatory_coverage,Covered,Required,Match,Verified
22,HR Executive,NEXORA-R023,mandatory_coverage,Covered,Required,Match,Verified
22,HR Executive,NEXORA-2-R002,mandatory_coverage,Covered,Required,Match,Verified
22,HR Executive,NEX-HBK-001-AI-R015,optional_coverage,Covered,Optional,Match,Verified
22,HR Executive,NEX-HBK-001-AI-R017,optional_coverage,Covered,Optional,Match,Verified
22,HR Executive,NEX-HBK-001-AI-R019,optional_coverage,Covered,Optional,Match,Verified
22,HR Executive,NEXORA-R024,optional_coverage,Covered,Optional,Match,Verified
22,HR Executive,NEXORA-R028,optional_coverage,Covered,Optional,Match,Verified
22,HR Executive,NEXORA-3-R003,optional_coverage,Covered,Optional,Match,Verified
22,HR Executive,-,contradiction,Task 'Study NEX-HBK-001-AI-R008' may violate mandatory rule: Employees must not share credentials.,consistent policy required,Mismatch,Contradiction Detected
22,HR Executive,-,contradiction,Task 'Study NEX-HBK-001-AI-R009' may violate mandatory rule: Employees must not disable security controls.,consistent policy required,Mismatch,Contradiction Detected
22,HR Executive,-,contradiction,Task 'Study NEX-HBK-001-AI-R010' may violate mandatory rule: Employees must not upload confidential information to personal drives or unapproved AI services.,consistent policy required,Mismatch,Contradiction Detected
22,HR Executive,-,contradiction,"Task 'Study NEX-SEC-001-AI-R002' may violate mandatory rule: Employees must use individual accounts and must not share passwords, tokens, or authentication devices.",consistent policy required,Mismatch,Contradiction Detected
22,HR Executive,-,contradiction,Task 'Study NEXORA-4-R001' may violate mandatory rule: Employees must use individual passwords and must not share them.,consistent policy required,Mismatch,Contradiction Detected
22,HR Executive,-,contradiction,Task 'Study NEX-HBK-001-AI-R007' may violate mandatory rule: Employees must not install unapproved software on company devices.,consistent policy required,Mismatch,Contradiction Detected
23,Software Engineer,NEX-ENG-SOP-001-AI-R002,mandatory_coverage,Covered,Required,Match,Verified
23,Software Engineer,REQ-001,mandatory_coverage,Covered,Required,Match,Verified
23,Software Engineer,REQ-002,mandatory_coverage,Covered,Required,Match,Verified
23,Software Engineer,REQ-008,mandatory_coverage,Covered,Required,Match,Verified
23,Software Engineer,REQ-009,mandatory_coverage,Covered,Required,Match,Verified
23,Software Engineer,REQ-010,mandatory_coverage,Covered,Required,Match,Verified
23,Software Engineer,NEX-HBK-001-AI-R001,mandatory_coverage,Covered,Required,Match,Verified
23,Software Engineer,NEX-HBK-001-AI-R002,mandatory_coverage,Covered,Required,Match,Verified
23,Software Engineer,NEX-HBK-001-AI-R003,mandatory_coverage,Covered,Required,Match,Verified
23,Software Engineer,NEX-HBK-001-AI-R004,mandatory_coverage,Covered,Required,Match,Verified
23,Software Engineer,NEX-HBK-001-AI-R005,mandatory_coverage,Covered,Required,Match,Verified
23,Software Engineer,NEX-HBK-001-AI-R006,mandatory_coverage,Covered,Required,Match,Verified
23,Software Engineer,NEX-HBK-001-AI-R007,mandatory_coverage,Covered,Required,Match,Verified
23,Software Engineer,NEX-HBK-001-AI-R008,mandatory_coverage,Covered,Required,Match,Verified
23,Software Engineer,NEX-HBK-001-AI-R009,mandatory_coverage,Covered,Required,Match,Verified
23,Software Engineer,NEX-HBK-001-AI-R010,mandatory_coverage,Covered,Required,Match,Verified
23,Software Engineer,NEX-HBK-001-AI-R011,mandatory_coverage,Covered,Required,Match,Verified
23,Software Engineer,NEX-HBK-001-AI-R012,mandatory_coverage,Covered,Required,Match,Verified
23,Software Engineer,NEX-HBK-001-AI-R013,mandatory_coverage,Covered,Required,Match,Verified
23,Software Engineer,NEX-HBK-001-AI-R014,mandatory_coverage,Covered,Required,Match,Verified
23,Software Engineer,NEX-HBK-001-AI-R016,mandatory_coverage,Covered,Required,Match,Verified
23,Software Engineer,NEX-HBK-001-AI-R018,mandatory_coverage,Covered,Required,Match,Verified
23,Software Engineer,NEX-HR-001-AI-R001,mandatory_coverage,Covered,Required,Match,Verified
23,Software Engineer,NEX-LEAVE-001-AI-R001,mandatory_coverage,Covered,Required,Match,Verified
23,Software Engineer,NEX-SEC-001-AI-R001,mandatory_coverage,Covered,Required,Match,Verified
23,Software Engineer,NEX-SEC-001-AI-R002,mandatory_coverage,Covered,Required,Match,Verified
23,Software Engineer,NEX-CON-001-AI-R001,mandatory_coverage,Covered,Required,Match,Verified
23,Software Engineer,NEX-PRIV-001-AI-R001,mandatory_coverage,Covered,Required,Match,Verified
23,Software Engineer,NEX-PRIV-001-AI-R002,mandatory_coverage,Covered,Required,Match,Verified
23,Software Engineer,NEX-PRIV-001-AI-R003,mandatory_coverage,Covered,Required,Match,Verified
23,Software Engineer,NEX-ENG-SOP-001-AI-R001,mandatory_coverage,Covered,Required,Match,Verified
23,Software Engineer,NEX-ENG-SOP-001-AI-R003,mandatory_coverage,Covered,Required,Match,Verified
23,Software Engineer,NEX-ENG-SOP-001-AI-R004,mandatory_coverage,Covered,Required,Match,Verified
23,Software Engineer,NEX-ENG-SOP-001-AI-R005,mandatory_coverage,Covered,Required,Match,Verified
23,Software Engineer,NEX-FIN-SOP-001-AI-R001,mandatory_coverage,Covered,Required,Match,Verified
23,Software Engineer,NEX-FIN-SOP-001-AI-R002,mandatory_coverage,Covered,Required,Match,Verified
23,Software Engineer,NEX-FIN-SOP-001-AI-R003,mandatory_coverage,Covered,Required,Match,Verified
23,Software Engineer,NEX-FIN-SOP-001-AI-R004,mandatory_coverage,Covered,Required,Match,Verified
23,Software Engineer,NEX-ROLE-001-AI-R001,mandatory_coverage,Covered,Required,Match,Verified
23,Software Engineer,NEX-ROLE-001-AI-R002,mandatory_coverage,Covered,Required,Match,Verified
23,Software Engineer,NEX-ROLE-001-AI-R003,mandatory_coverage,Covered,Required,Match,Verified
23,Software Engineer,NEX-ROLE-001-AI-R004,mandatory_coverage,Covered,Required,Match,Verified
23,Software Engineer,NEX-ROLE-001-AI-R005,mandatory_coverage,Covered,Required,Match,Verified
23,Software Engineer,NEX-ROLE-001-AI-R006,mandatory_coverage,Covered,Required,Match,Verified
23,Software Engineer,NEX-FAQ-001-AI-R001,mandatory_coverage,Covered,Required,Match,Verified
23,Software Engineer,NEX-FAQ-001-AI-R002,mandatory_coverage,Covered,Required,Match,Verified
23,Software Engineer,NEX-FAQ-001-AI-R003,mandatory_coverage,Covered,Required,Match,Verified
23,Software Engineer,NEX-FAQ-001-AI-R004,mandatory_coverage,Covered,Required,Match,Verified
23,Software Engineer,NEX-FAQ-001-AI-R005,mandatory_coverage,Covered,Required,Match,Verified
23,Software Engineer,NEX-FAQ-001-AI-R006,mandatory_coverage,Covered,Required,Match,Verified
23,Software Engineer,NEX-FAQ-001-AI-R007,mandatory_coverage,Covered,Required,Match,Verified
23,Software Engineer,NEX-FAQ-001-AI-R008,mandatory_coverage,Covered,Required,Match,Verified
23,Software Engineer,NEX-PROC-002-AI-R001,mandatory_coverage,Covered,Required,Match,Verified
23,Software Engineer,NEX-PROC-003-AI-R001,mandatory_coverage,Covered,Required,Match,Verified
23,Software Engineer,NEX-PROC-003-AI-R002,mandatory_coverage,Covered,Required,Match,Verified
23,Software Engineer,NEX-COMP-001-AI-R001,mandatory_coverage,Covered,Required,Match,Verified
23,Software Engineer,NEX-ESC-001-AI-R001,mandatory_coverage,Covered,Required,Match,Verified
23,Software Engineer,NEX-FAQ-002-AI-R001,mandatory_coverage,Covered,Required,Match,Verified
23,Software Engineer,NEX-PROC-001-AI-R001,mandatory_coverage,Covered,Required,Match,Verified
23,Software Engineer,NEX-PROC-001-AI-R002,mandatory_coverage,Covered,Required,Match,Verified
23,Software Engineer,NEX-PROC-001-AI-R003,mandatory_coverage,Covered,Required,Match,Verified
23,Software Engineer,NEX-PROC-001-AI-R004,mandatory_coverage,Covered,Required,Match,Verified
23,Software Engineer,NEX-PROC-001-AI-R005,mandatory_coverage,Covered,Required,Match,Verified
23,Software Engineer,NEX-PROC-001-AI-R006,mandatory_coverage,Covered,Required,Match,Verified
23,Software Engineer,NEX-PROC-001-AI-R007,mandatory_coverage,Covered,Required,Match,Verified
23,Software Engineer,NEXORA-R001,mandatory_coverage,Covered,Required,Match,Verified
23,Software Engineer,NEXORA-R002,mandatory_coverage,Covered,Required,Match,Verified
23,Software Engineer,NEXORA-R003,mandatory_coverage,Covered,Required,Match,Verified
23,Software Engineer,NEXORA-R004,mandatory_coverage,Covered,Required,Match,Verified
23,Software Engineer,NEXORA-R005,mandatory_coverage,Covered,Required,Match,Verified
23,Software Engineer,NEXORA-R006,mandatory_coverage,Covered,Required,Match,Verified
23,Software Engineer,NEXORA-R025,mandatory_coverage,Covered,Required,Match,Verified
23,Software Engineer,NEXORA-2-R008,mandatory_coverage,Covered,Required,Match,Verified
23,Software Engineer,NEXORA-3-R001,mandatory_coverage,Covered,Required,Match,Verified
23,Software Engineer,NEXORA-4-R001,mandatory_coverage,Covered,Required,Match,Verified
23,Software Engineer,NEXORA-R026,mandatory_coverage,Covered,Required,Match,Verified
23,Software Engineer,NEXORA-2-R001,mandatory_coverage,Covered,Required,Match,Verified
23,Software Engineer,NEXORA-2-R009,mandatory_coverage,Covered,Required,Match,Verified
23,Software Engineer,NEXORA-3-R002,mandatory_coverage,Covered,Required,Match,Verified
23,Software Engineer,NEXORA-4-R002,mandatory_coverage,Covered,Required,Match,Verified
23,Software Engineer,NEXORA-2-R010,mandatory_coverage,Covered,Required,Match,Verified
23,Software Engineer,NEXORA-4-R003,mandatory_coverage,Covered,Required,Match,Verified
23,Software Engineer,NEXORA-R021,mandatory_coverage,Covered,Required,Match,Verified
23,Software Engineer,NEXORA-4-R004,mandatory_coverage,Covered,Required,Match,Verified
23,Software Engineer,NEXORA-R022,mandatory_coverage,Covered,Required,Match,Verified
23,Software Engineer,NEXORA-R023,mandatory_coverage,Covered,Required,Match,Verified
23,Software Engineer,NEXORA-2-R002,mandatory_coverage,Covered,Required,Match,Verified
23,Software Engineer,NEX-HBK-001-AI-R015,optional_coverage,Covered,Optional,Match,Verified
23,Software Engineer,NEX-HBK-001-AI-R017,optional_coverage,Covered,Optional,Match,Verified
23,Software Engineer,NEX-HBK-001-AI-R019,optional_coverage,Covered,Optional,Match,Verified
23,Software Engineer,NEXORA-R024,optional_coverage,Covered,Optional,Match,Verified
23,Software Engineer,NEXORA-R028,optional_coverage,Covered,Optional,Match,Verified
23,Software Engineer,NEXORA-3-R003,optional_coverage,Covered,Optional,Match,Verified
23,Software Engineer,-,duplicate,Where must confidential information remain?,unique content required,Mismatch,Duplicate Detected
24,QA Engineer,NEX-ENG-SOP-001-AI-R002,mandatory_coverage,Covered,Required,Match,Verified
24,QA Engineer,REQ-008,mandatory_coverage,Covered,Required,Match,Verified
24,QA Engineer,REQ-009,mandatory_coverage,Covered,Required,Match,Verified
24,QA Engineer,REQ-010,mandatory_coverage,Covered,Required,Match,Verified
24,QA Engineer,NEX-HBK-001-AI-R001,mandatory_coverage,Covered,Required,Match,Verified
24,QA Engineer,NEX-HBK-001-AI-R002,mandatory_coverage,Covered,Required,Match,Verified
24,QA Engineer,NEX-HBK-001-AI-R003,mandatory_coverage,Covered,Required,Match,Verified
24,QA Engineer,NEX-HBK-001-AI-R004,mandatory_coverage,Covered,Required,Match,Verified
24,QA Engineer,NEX-HBK-001-AI-R005,mandatory_coverage,Covered,Required,Match,Verified
24,QA Engineer,NEX-HBK-001-AI-R006,mandatory_coverage,Covered,Required,Match,Verified
24,QA Engineer,NEX-HBK-001-AI-R007,mandatory_coverage,Covered,Required,Match,Verified
24,QA Engineer,NEX-HBK-001-AI-R008,mandatory_coverage,Covered,Required,Match,Verified
24,QA Engineer,NEX-HBK-001-AI-R009,mandatory_coverage,Covered,Required,Match,Verified
24,QA Engineer,NEX-HBK-001-AI-R010,mandatory_coverage,Covered,Required,Match,Verified
24,QA Engineer,NEX-HBK-001-AI-R011,mandatory_coverage,Covered,Required,Match,Verified
24,QA Engineer,NEX-HBK-001-AI-R012,mandatory_coverage,Covered,Required,Match,Verified
24,QA Engineer,NEX-HBK-001-AI-R013,mandatory_coverage,Covered,Required,Match,Verified
24,QA Engineer,NEX-HBK-001-AI-R014,mandatory_coverage,Covered,Required,Match,Verified
24,QA Engineer,NEX-HBK-001-AI-R016,mandatory_coverage,Covered,Required,Match,Verified
24,QA Engineer,NEX-HBK-001-AI-R018,mandatory_coverage,Covered,Required,Match,Verified
24,QA Engineer,NEX-HR-001-AI-R001,mandatory_coverage,Covered,Required,Match,Verified
24,QA Engineer,NEX-LEAVE-001-AI-R001,mandatory_coverage,Covered,Required,Match,Verified
24,QA Engineer,NEX-SEC-001-AI-R001,mandatory_coverage,Covered,Required,Match,Verified
24,QA Engineer,NEX-SEC-001-AI-R002,mandatory_coverage,Covered,Required,Match,Verified
24,QA Engineer,NEX-CON-001-AI-R001,mandatory_coverage,Covered,Required,Match,Verified
24,QA Engineer,NEX-PRIV-001-AI-R001,mandatory_coverage,Covered,Required,Match,Verified
24,QA Engineer,NEX-PRIV-001-AI-R002,mandatory_coverage,Covered,Required,Match,Verified
24,QA Engineer,NEX-PRIV-001-AI-R003,mandatory_coverage,Covered,Required,Match,Verified
24,QA Engineer,NEX-ENG-SOP-001-AI-R001,mandatory_coverage,Covered,Required,Match,Verified
24,QA Engineer,NEX-ENG-SOP-001-AI-R003,mandatory_coverage,Covered,Required,Match,Verified
24,QA Engineer,NEX-ENG-SOP-001-AI-R004,mandatory_coverage,Covered,Required,Match,Verified
24,QA Engineer,NEX-ENG-SOP-001-AI-R005,mandatory_coverage,Covered,Required,Match,Verified
24,QA Engineer,NEX-FIN-SOP-001-AI-R001,mandatory_coverage,Covered,Required,Match,Verified
24,QA Engineer,NEX-FIN-SOP-001-AI-R002,mandatory_coverage,Covered,Required,Match,Verified
24,QA Engineer,NEX-FIN-SOP-001-AI-R003,mandatory_coverage,Covered,Required,Match,Verified
24,QA Engineer,NEX-FIN-SOP-001-AI-R004,mandatory_coverage,Covered,Required,Match,Verified
24,QA Engineer,NEX-ROLE-002-AI-R001,mandatory_coverage,Covered,Required,Match,Verified
24,QA Engineer,NEX-ROLE-002-AI-R002,mandatory_coverage,Covered,Required,Match,Verified
24,QA Engineer,NEX-ROLE-002-AI-R003,mandatory_coverage,Covered,Required,Match,Verified
24,QA Engineer,NEX-ROLE-002-AI-R004,mandatory_coverage,Covered,Required,Match,Verified
24,QA Engineer,NEX-ROLE-002-AI-R005,mandatory_coverage,Covered,Required,Match,Verified
24,QA Engineer,NEX-ROLE-002-AI-R006,mandatory_coverage,Covered,Required,Match,Verified
24,QA Engineer,NEX-FAQ-001-AI-R001,mandatory_coverage,Covered,Required,Match,Verified
24,QA Engineer,NEX-FAQ-001-AI-R002,mandatory_coverage,Covered,Required,Match,Verified
24,QA Engineer,NEX-FAQ-001-AI-R003,mandatory_coverage,Covered,Required,Match,Verified
24,QA Engineer,NEX-FAQ-001-AI-R004,mandatory_coverage,Covered,Required,Match,Verified
24,QA Engineer,NEX-FAQ-001-AI-R005,mandatory_coverage,Covered,Required,Match,Verified
24,QA Engineer,NEX-FAQ-001-AI-R006,mandatory_coverage,Covered,Required,Match,Verified
24,QA Engineer,NEX-FAQ-001-AI-R007,mandatory_coverage,Covered,Required,Match,Verified
24,QA Engineer,NEX-FAQ-001-AI-R008,mandatory_coverage,Covered,Required,Match,Verified
24,QA Engineer,NEX-PROC-002-AI-R001,mandatory_coverage,Covered,Required,Match,Verified
24,QA Engineer,NEX-PROC-003-AI-R001,mandatory_coverage,Covered,Required,Match,Verified
24,QA Engineer,NEX-PROC-003-AI-R002,mandatory_coverage,Covered,Required,Match,Verified
24,QA Engineer,NEX-COMP-001-AI-R001,mandatory_coverage,Covered,Required,Match,Verified
24,QA Engineer,NEX-ESC-001-AI-R001,mandatory_coverage,Covered,Required,Match,Verified
24,QA Engineer,NEX-FAQ-002-AI-R001,mandatory_coverage,Covered,Required,Match,Verified
24,QA Engineer,NEX-PROC-001-AI-R001,mandatory_coverage,Covered,Required,Match,Verified
24,QA Engineer,NEX-PROC-001-AI-R002,mandatory_coverage,Covered,Required,Match,Verified
24,QA Engineer,NEX-PROC-001-AI-R003,mandatory_coverage,Covered,Required,Match,Verified
24,QA Engineer,NEX-PROC-001-AI-R004,mandatory_coverage,Covered,Required,Match,Verified
24,QA Engineer,NEX-PROC-001-AI-R005,mandatory_coverage,Covered,Required,Match,Verified
24,QA Engineer,NEX-PROC-001-AI-R006,mandatory_coverage,Covered,Required,Match,Verified
24,QA Engineer,NEX-PROC-001-AI-R007,mandatory_coverage,Covered,Required,Match,Verified
24,QA Engineer,NEXORA-R001,mandatory_coverage,Covered,Required,Match,Verified
24,QA Engineer,NEXORA-R002,mandatory_coverage,Covered,Required,Match,Verified
24,QA Engineer,NEXORA-R003,mandatory_coverage,Covered,Required,Match,Verified
24,QA Engineer,NEXORA-R004,mandatory_coverage,Covered,Required,Match,Verified
24,QA Engineer,NEXORA-R005,mandatory_coverage,Covered,Required,Match,Verified
24,QA Engineer,NEXORA-R006,mandatory_coverage,Covered,Required,Match,Verified
24,QA Engineer,NEXORA-R012,mandatory_coverage,Covered,Required,Match,Verified
24,QA Engineer,NEXORA-R025,mandatory_coverage,Covered,Required,Match,Verified
24,QA Engineer,NEXORA-2-R008,mandatory_coverage,Covered,Required,Match,Verified
24,QA Engineer,NEXORA-3-R001,mandatory_coverage,Covered,Required,Match,Verified
24,QA Engineer,NEXORA-4-R001,mandatory_coverage,Covered,Required,Match,Verified
24,QA Engineer,NEXORA-R026,mandatory_coverage,Covered,Required,Match,Verified
24,QA Engineer,NEXORA-2-R001,mandatory_coverage,Covered,Required,Match,Verified
24,QA Engineer,NEXORA-2-R009,mandatory_coverage,Covered,Required,Match,Verified
24,QA Engineer,NEXORA-3-R002,mandatory_coverage,Covered,Required,Match,Verified
24,QA Engineer,NEXORA-4-R002,mandatory_coverage,Covered,Required,Match,Verified
24,QA Engineer,NEXORA-2-R010,mandatory_coverage,Covered,Required,Match,Verified
24,QA Engineer,NEXORA-4-R003,mandatory_coverage,Covered,Required,Match,Verified
24,QA Engineer,NEXORA-R021,mandatory_coverage,Covered,Required,Match,Verified
24,QA Engineer,NEXORA-4-R004,mandatory_coverage,Covered,Required,Match,Verified
24,QA Engineer,NEXORA-R022,mandatory_coverage,Covered,Required,Match,Verified
24,QA Engineer,NEXORA-R023,mandatory_coverage,Covered,Required,Match,Verified
24,QA Engineer,NEXORA-2-R002,mandatory_coverage,Covered,Required,Match,Verified
24,QA Engineer,NEX-HBK-001-AI-R015,optional_coverage,Covered,Optional,Match,Verified
24,QA Engineer,NEX-HBK-001-AI-R017,optional_coverage,Covered,Optional,Match,Verified
24,QA Engineer,NEX-HBK-001-AI-R019,optional_coverage,Covered,Optional,Match,Verified
24,QA Engineer,NEXORA-R024,optional_coverage,Covered,Optional,Match,Verified
24,QA Engineer,NEXORA-R028,optional_coverage,Covered,Optional,Match,Verified
24,QA Engineer,NEXORA-3-R003,optional_coverage,Covered,Optional,Match,Verified
25,DevOps Engineer,NEX-ENG-SOP-001-AI-R002,mandatory_coverage,Covered,Required,Match,Verified
25,DevOps Engineer,REQ-006,mandatory_coverage,Covered,Required,Match,Verified
25,DevOps Engineer,REQ-008,mandatory_coverage,Covered,Required,Match,Verified
25,DevOps Engineer,REQ-009,mandatory_coverage,Covered,Required,Match,Verified
25,DevOps Engineer,REQ-010,mandatory_coverage,Covered,Required,Match,Verified
25,DevOps Engineer,NEX-HBK-001-AI-R001,mandatory_coverage,Covered,Required,Match,Verified
25,DevOps Engineer,NEX-HBK-001-AI-R002,mandatory_coverage,Covered,Required,Match,Verified
25,DevOps Engineer,NEX-HBK-001-AI-R003,mandatory_coverage,Covered,Required,Match,Verified
25,DevOps Engineer,NEX-HBK-001-AI-R004,mandatory_coverage,Covered,Required,Match,Verified
25,DevOps Engineer,NEX-HBK-001-AI-R005,mandatory_coverage,Covered,Required,Match,Verified
25,DevOps Engineer,NEX-HBK-001-AI-R006,mandatory_coverage,Covered,Required,Match,Verified
25,DevOps Engineer,NEX-HBK-001-AI-R007,mandatory_coverage,Covered,Required,Match,Verified
25,DevOps Engineer,NEX-HBK-001-AI-R008,mandatory_coverage,Covered,Required,Match,Verified
25,DevOps Engineer,NEX-HBK-001-AI-R009,mandatory_coverage,Covered,Required,Match,Verified
25,DevOps Engineer,NEX-HBK-001-AI-R010,mandatory_coverage,Covered,Required,Match,Verified
25,DevOps Engineer,NEX-HBK-001-AI-R011,mandatory_coverage,Covered,Required,Match,Verified
25,DevOps Engineer,NEX-HBK-001-AI-R012,mandatory_coverage,Covered,Required,Match,Verified
25,DevOps Engineer,NEX-HBK-001-AI-R013,mandatory_coverage,Covered,Required,Match,Verified
25,DevOps Engineer,NEX-HBK-001-AI-R014,mandatory_coverage,Covered,Required,Match,Verified
25,DevOps Engineer,NEX-HBK-001-AI-R016,mandatory_coverage,Covered,Required,Match,Verified
25,DevOps Engineer,NEX-HBK-001-AI-R018,mandatory_coverage,Covered,Required,Match,Verified
25,DevOps Engineer,NEX-HR-001-AI-R001,mandatory_coverage,Covered,Required,Match,Verified
25,DevOps Engineer,NEX-LEAVE-001-AI-R001,mandatory_coverage,Covered,Required,Match,Verified
25,DevOps Engineer,NEX-SEC-001-AI-R001,mandatory_coverage,Covered,Required,Match,Verified
25,DevOps Engineer,NEX-SEC-001-AI-R002,mandatory_coverage,Covered,Required,Match,Verified
25,DevOps Engineer,NEX-CON-001-AI-R001,mandatory_coverage,Covered,Required,Match,Verified
25,DevOps Engineer,NEX-PRIV-001-AI-R001,mandatory_coverage,Covered,Required,Match,Verified
25,DevOps Engineer,NEX-PRIV-001-AI-R002,mandatory_coverage,Covered,Required,Match,Verified
25,DevOps Engineer,NEX-PRIV-001-AI-R003,mandatory_coverage,Covered,Required,Match,Verified
25,DevOps Engineer,NEX-ENG-SOP-001-AI-R001,mandatory_coverage,Covered,Required,Match,Verified
25,DevOps Engineer,NEX-ENG-SOP-001-AI-R003,mandatory_coverage,Covered,Required,Match,Verified
25,DevOps Engineer,NEX-ENG-SOP-001-AI-R004,mandatory_coverage,Covered,Required,Match,Verified
25,DevOps Engineer,NEX-ENG-SOP-001-AI-R005,mandatory_coverage,Covered,Required,Match,Verified
25,DevOps Engineer,NEX-OPS-SOP-001-AI-R001,mandatory_coverage,Covered,Required,Match,Verified
25,DevOps Engineer,NEX-OPS-SOP-001-AI-R002,mandatory_coverage,Covered,Required,Match,Verified
25,DevOps Engineer,NEX-FIN-SOP-001-AI-R001,mandatory_coverage,Covered,Required,Match,Verified
25,DevOps Engineer,NEX-FIN-SOP-001-AI-R002,mandatory_coverage,Covered,Required,Match,Verified
25,DevOps Engineer,NEX-FIN-SOP-001-AI-R003,mandatory_coverage,Covered,Required,Match,Verified
25,DevOps Engineer,NEX-FIN-SOP-001-AI-R004,mandatory_coverage,Covered,Required,Match,Verified
25,DevOps Engineer,NEX-ROLE-003-AI-R001,mandatory_coverage,Covered,Required,Match,Verified
25,DevOps Engineer,NEX-ROLE-003-AI-R002,mandatory_coverage,Covered,Required,Match,Verified
25,DevOps Engineer,NEX-ROLE-003-AI-R003,mandatory_coverage,Covered,Required,Match,Verified
25,DevOps Engineer,NEX-ROLE-003-AI-R004,mandatory_coverage,Covered,Required,Match,Verified
25,DevOps Engineer,NEX-ROLE-003-AI-R005,mandatory_coverage,Covered,Required,Match,Verified
25,DevOps Engineer,NEX-ROLE-003-AI-R006,mandatory_coverage,Covered,Required,Match,Verified
25,DevOps Engineer,NEX-FAQ-001-AI-R001,mandatory_coverage,Covered,Required,Match,Verified
25,DevOps Engineer,NEX-FAQ-001-AI-R002,mandatory_coverage,Covered,Required,Match,Verified
25,DevOps Engineer,NEX-FAQ-001-AI-R003,mandatory_coverage,Covered,Required,Match,Verified
25,DevOps Engineer,NEX-FAQ-001-AI-R004,mandatory_coverage,Covered,Required,Match,Verified
25,DevOps Engineer,NEX-FAQ-001-AI-R005,mandatory_coverage,Covered,Required,Match,Verified
25,DevOps Engineer,NEX-FAQ-001-AI-R006,mandatory_coverage,Covered,Required,Match,Verified
25,DevOps Engineer,NEX-FAQ-001-AI-R007,mandatory_coverage,Covered,Required,Match,Verified
25,DevOps Engineer,NEX-FAQ-001-AI-R008,mandatory_coverage,Covered,Required,Match,Verified
25,DevOps Engineer,NEX-PROC-002-AI-R001,mandatory_coverage,Covered,Required,Match,Verified
25,DevOps Engineer,NEX-PROC-003-AI-R001,mandatory_coverage,Covered,Required,Match,Verified
25,DevOps Engineer,NEX-PROC-003-AI-R002,mandatory_coverage,Covered,Required,Match,Verified
25,DevOps Engineer,NEX-COMP-001-AI-R001,mandatory_coverage,Covered,Required,Match,Verified
25,DevOps Engineer,NEX-ESC-001-AI-R001,mandatory_coverage,Covered,Required,Match,Verified
25,DevOps Engineer,NEX-FAQ-002-AI-R001,mandatory_coverage,Covered,Required,Match,Verified
25,DevOps Engineer,NEX-PROC-001-AI-R001,mandatory_coverage,Covered,Required,Match,Verified
25,DevOps Engineer,NEX-PROC-001-AI-R002,mandatory_coverage,Covered,Required,Match,Verified
25,DevOps Engineer,NEX-PROC-001-AI-R003,mandatory_coverage,Covered,Required,Match,Verified
25,DevOps Engineer,NEX-PROC-001-AI-R004,mandatory_coverage,Covered,Required,Match,Verified
25,DevOps Engineer,NEX-PROC-001-AI-R005,mandatory_coverage,Covered,Required,Match,Verified
25,DevOps Engineer,NEX-PROC-001-AI-R006,mandatory_coverage,Covered,Required,Match,Verified
25,DevOps Engineer,NEX-PROC-001-AI-R007,mandatory_coverage,Covered,Required,Match,Verified
25,DevOps Engineer,NEXORA-R001,mandatory_coverage,Covered,Required,Match,Verified
25,DevOps Engineer,NEXORA-R002,mandatory_coverage,Covered,Required,Match,Verified
25,DevOps Engineer,NEXORA-R003,mandatory_coverage,Covered,Required,Match,Verified
25,DevOps Engineer,NEXORA-R004,mandatory_coverage,Covered,Required,Match,Verified
25,DevOps Engineer,NEXORA-R005,mandatory_coverage,Covered,Required,Match,Verified
25,DevOps Engineer,NEXORA-R006,mandatory_coverage,Covered,Required,Match,Verified
25,DevOps Engineer,NEXORA-R007,mandatory_coverage,Covered,Required,Match,Verified
25,DevOps Engineer,NEXORA-R008,mandatory_coverage,Covered,Required,Match,Verified
25,DevOps Engineer,NEXORA-R011,mandatory_coverage,Covered,Required,Match,Verified
25,DevOps Engineer,NEXORA-R013,mandatory_coverage,Covered,Required,Match,Verified
25,DevOps Engineer,NEXORA-R025,mandatory_coverage,Covered,Required,Match,Verified
25,DevOps Engineer,NEXORA-2-R008,mandatory_coverage,Covered,Required,Match,Verified
25,DevOps Engineer,NEXORA-3-R001,mandatory_coverage,Covered,Required,Match,Verified
25,DevOps Engineer,NEXORA-4-R001,mandatory_coverage,Covered,Required,Match,Verified
25,DevOps Engineer,NEXORA-R026,mandatory_coverage,Covered,Required,Match,Verified
25,DevOps Engineer,NEXORA-2-R001,mandatory_coverage,Covered,Required,Match,Verified
25,DevOps Engineer,NEXORA-2-R009,mandatory_coverage,Covered,Required,Match,Verified
25,DevOps Engineer,NEXORA-3-R002,mandatory_coverage,Covered,Required,Match,Verified
25,DevOps Engineer,NEXORA-4-R002,mandatory_coverage,Covered,Required,Match,Verified
25,DevOps Engineer,NEXORA-2-R010,mandatory_coverage,Covered,Required,Match,Verified
25,DevOps Engineer,NEXORA-4-R003,mandatory_coverage,Covered,Required,Match,Verified
25,DevOps Engineer,NEXORA-R021,mandatory_coverage,Covered,Required,Match,Verified
25,DevOps Engineer,NEXORA-2-R006,mandatory_coverage,Covered,Required,Match,Verified
25,DevOps Engineer,NEXORA-4-R004,mandatory_coverage,Covered,Required,Match,Verified
25,DevOps Engineer,NEXORA-R022,mandatory_coverage,Covered,Required,Match,Verified
25,DevOps Engineer,NEXORA-R023,mandatory_coverage,Covered,Required,Match,Verified
25,DevOps Engineer,NEXORA-2-R002,mandatory_coverage,Covered,Required,Match,Verified
25,DevOps Engineer,NEX-HBK-001-AI-R015,optional_coverage,Covered,Optional,Match,Verified
25,DevOps Engineer,NEX-HBK-001-AI-R017,optional_coverage,Covered,Optional,Match,Verified
25,DevOps Engineer,NEX-HBK-001-AI-R019,optional_coverage,Covered,Optional,Match,Verified
25,DevOps Engineer,NEXORA-R024,optional_coverage,Covered,Optional,Match,Verified
25,DevOps Engineer,NEXORA-R028,optional_coverage,Covered,Optional,Match,Verified
25,DevOps Engineer,NEXORA-3-R003,optional_coverage,Covered,Optional,Match,Verified
25,DevOps Engineer,-,contradiction,Module MOD-011 covers mandatory req NEX-FAQ-001-AI-R005 but marked optional,consistent policy required,Mismatch,Contradiction Detected
25,DevOps Engineer,-,contradiction,Module MOD-011 covers mandatory req NEX-FAQ-001-AI-R007 but marked optional,consistent policy required,Mismatch,Contradiction Detected
25,DevOps Engineer,-,contradiction,Module MOD-011 covers mandatory req NEX-FAQ-001-AI-R008 but marked optional,consistent policy required,Mismatch,Contradiction Detected
25,DevOps Engineer,-,contradiction,Module MOD-011 covers mandatory req NEX-HBK-001-AI-R004 but marked optional,consistent policy required,Mismatch,Contradiction Detected
25,DevOps Engineer,-,contradiction,Module MOD-011 covers mandatory req NEX-HBK-001-AI-R005 but marked optional,consistent policy required,Mismatch,Contradiction Detected
25,DevOps Engineer,-,contradiction,Module MOD-011 covers mandatory req NEX-HBK-001-AI-R006 but marked optional,consistent policy required,Mismatch,Contradiction Detected
25,DevOps Engineer,-,contradiction,Module MOD-011 covers mandatory req NEX-HBK-001-AI-R007 but marked optional,consistent policy required,Mismatch,Contradiction Detected
25,DevOps Engineer,-,contradiction,Module MOD-011 covers mandatory req NEX-HBK-001-AI-R008 but marked optional,consistent policy required,Mismatch,Contradiction Detected
25,DevOps Engineer,-,contradiction,Module MOD-011 covers mandatory req NEX-HBK-001-AI-R009 but marked optional,consistent policy required,Mismatch,Contradiction Detected
25,DevOps Engineer,-,contradiction,Module MOD-011 covers mandatory req NEX-HBK-001-AI-R016 but marked optional,consistent policy required,Mismatch,Contradiction Detected
26,Customer Support Executive,NEX-ENG-SOP-001-AI-R002,mandatory_coverage,Covered,Required,Match,Verified
26,Customer Support Executive,REQ-003,mandatory_coverage,Covered,Required,Match,Verified
26,Customer Support Executive,REQ-004,mandatory_coverage,Covered,Required,Match,Verified
26,Customer Support Executive,REQ-008,mandatory_coverage,Covered,Required,Match,Verified
26,Customer Support Executive,REQ-009,mandatory_coverage,Covered,Required,Match,Verified
26,Customer Support Executive,REQ-010,mandatory_coverage,Covered,Required,Match,Verified
26,Customer Support Executive,NEX-HBK-001-AI-R001,mandatory_coverage,Covered,Required,Match,Verified
26,Customer Support Executive,NEX-HBK-001-AI-R002,mandatory_coverage,Covered,Required,Match,Verified
26,Customer Support Executive,NEX-HBK-001-AI-R003,mandatory_coverage,Covered,Required,Match,Verified
26,Customer Support Executive,NEX-HBK-001-AI-R004,mandatory_coverage,Covered,Required,Match,Verified
26,Customer Support Executive,NEX-HBK-001-AI-R005,mandatory_coverage,Covered,Required,Match,Verified
26,Customer Support Executive,NEX-HBK-001-AI-R006,mandatory_coverage,Covered,Required,Match,Verified
26,Customer Support Executive,NEX-HBK-001-AI-R007,mandatory_coverage,Covered,Required,Match,Verified
26,Customer Support Executive,NEX-HBK-001-AI-R008,mandatory_coverage,Covered,Required,Match,Verified
26,Customer Support Executive,NEX-HBK-001-AI-R009,mandatory_coverage,Covered,Required,Match,Verified
26,Customer Support Executive,NEX-HBK-001-AI-R010,mandatory_coverage,Covered,Required,Match,Verified
26,Customer Support Executive,NEX-HBK-001-AI-R011,mandatory_coverage,Covered,Required,Match,Verified
26,Customer Support Executive,NEX-HBK-001-AI-R012,mandatory_coverage,Covered,Required,Match,Verified
26,Customer Support Executive,NEX-HBK-001-AI-R013,mandatory_coverage,Covered,Required,Match,Verified
26,Customer Support Executive,NEX-HBK-001-AI-R014,mandatory_coverage,Covered,Required,Match,Verified
26,Customer Support Executive,NEX-HBK-001-AI-R016,mandatory_coverage,Covered,Required,Match,Verified
26,Customer Support Executive,NEX-HBK-001-AI-R018,mandatory_coverage,Covered,Required,Match,Verified
26,Customer Support Executive,NEX-HR-001-AI-R001,mandatory_coverage,Covered,Required,Match,Verified
26,Customer Support Executive,NEX-LEAVE-001-AI-R001,mandatory_coverage,Covered,Required,Match,Verified
26,Customer Support Executive,NEX-SEC-001-AI-R001,mandatory_coverage,Covered,Required,Match,Verified
26,Customer Support Executive,NEX-SEC-001-AI-R002,mandatory_coverage,Covered,Required,Match,Verified
26,Customer Support Executive,NEX-CON-001-AI-R001,mandatory_coverage,Covered,Required,Match,Verified
26,Customer Support Executive,NEX-PRIV-001-AI-R001,mandatory_coverage,Covered,Required,Match,Verified
26,Customer Support Executive,NEX-PRIV-001-AI-R002,mandatory_coverage,Covered,Required,Match,Verified
26,Customer Support Executive,NEX-PRIV-001-AI-R003,mandatory_coverage,Covered,Required,Match,Verified
26,Customer Support Executive,NEX-ENG-SOP-001-AI-R001,mandatory_coverage,Covered,Required,Match,Verified
26,Customer Support Executive,NEX-ENG-SOP-001-AI-R003,mandatory_coverage,Covered,Required,Match,Verified
26,Customer Support Executive,NEX-ENG-SOP-001-AI-R004,mandatory_coverage,Covered,Required,Match,Verified
26,Customer Support Executive,NEX-ENG-SOP-001-AI-R005,mandatory_coverage,Covered,Required,Match,Verified
26,Customer Support Executive,NEX-CS-SOP-001-AI-R001,mandatory_coverage,Covered,Required,Match,Verified
26,Customer Support Executive,NEX-FIN-SOP-001-AI-R001,mandatory_coverage,Covered,Required,Match,Verified
26,Customer Support Executive,NEX-FIN-SOP-001-AI-R002,mandatory_coverage,Covered,Required,Match,Verified
26,Customer Support Executive,NEX-FIN-SOP-001-AI-R003,mandatory_coverage,Covered,Required,Match,Verified
26,Customer Support Executive,NEX-FIN-SOP-001-AI-R004,mandatory_coverage,Covered,Required,Match,Verified
26,Customer Support Executive,NEX-ROLE-004-AI-R001,mandatory_coverage,Covered,Required,Match,Verified
26,Customer Support Executive,NEX-ROLE-004-AI-R002,mandatory_coverage,Covered,Required,Match,Verified
26,Customer Support Executive,NEX-ROLE-004-AI-R003,mandatory_coverage,Covered,Required,Match,Verified
26,Customer Support Executive,NEX-ROLE-004-AI-R004,mandatory_coverage,Covered,Required,Match,Verified
26,Customer Support Executive,NEX-ROLE-004-AI-R005,mandatory_coverage,Covered,Required,Match,Verified
26,Customer Support Executive,NEX-ROLE-004-AI-R006,mandatory_coverage,Covered,Required,Match,Verified
26,Customer Support Executive,NEX-ROLE-004-AI-R007,mandatory_coverage,Covered,Required,Match,Verified
26,Customer Support Executive,NEX-ROLE-004-AI-R008,mandatory_coverage,Covered,Required,Match,Verified
26,Customer Support Executive,NEX-ROLE-004-AI-R009,mandatory_coverage,Covered,Required,Match,Verified
26,Customer Support Executive,NEX-ROLE-004-AI-R010,mandatory_coverage,Covered,Required,Match,Verified
26,Customer Support Executive,NEX-ROLE-004-AI-R011,mandatory_coverage,Covered,Required,Match,Verified
26,Customer Support Executive,NEX-ROLE-004-AI-R012,mandatory_coverage,Covered,Required,Match,Verified
26,Customer Support Executive,NEX-ROLE-004-AI-R013,mandatory_coverage,Covered,Required,Match,Verified
26,Customer Support Executive,NEX-FAQ-001-AI-R001,mandatory_coverage,Covered,Required,Match,Verified
26,Customer Support Executive,NEX-FAQ-001-AI-R002,mandatory_coverage,Covered,Required,Match,Verified
26,Customer Support Executive,NEX-FAQ-001-AI-R003,mandatory_coverage,Covered,Required,Match,Verified
26,Customer Support Executive,NEX-FAQ-001-AI-R004,mandatory_coverage,Covered,Required,Match,Verified
26,Customer Support Executive,NEX-FAQ-001-AI-R005,mandatory_coverage,Covered,Required,Match,Verified
26,Customer Support Executive,NEX-FAQ-001-AI-R006,mandatory_coverage,Covered,Required,Match,Verified
26,Customer Support Executive,NEX-FAQ-001-AI-R007,mandatory_coverage,Covered,Required,Match,Verified
26,Customer Support Executive,NEX-FAQ-001-AI-R008,mandatory_coverage,Covered,Required,Match,Verified
26,Customer Support Executive,NEX-PROC-002-AI-R001,mandatory_coverage,Covered,Required,Match,Verified
26,Customer Support Executive,NEX-PROC-003-AI-R001,mandatory_coverage,Covered,Required,Match,Verified
26,Customer Support Executive,NEX-PROC-003-AI-R002,mandatory_coverage,Covered,Required,Match,Verified
26,Customer Support Executive,NEX-COMP-001-AI-R001,mandatory_coverage,Covered,Required,Match,Verified
26,Customer Support Executive,NEX-ESC-001-AI-R001,mandatory_coverage,Covered,Required,Match,Verified
26,Customer Support Executive,NEX-FAQ-002-AI-R001,mandatory_coverage,Covered,Required,Match,Verified
26,Customer Support Executive,NEX-PROC-001-AI-R001,mandatory_coverage,Covered,Required,Match,Verified
26,Customer Support Executive,NEX-PROC-001-AI-R002,mandatory_coverage,Covered,Required,Match,Verified
26,Customer Support Executive,NEX-PROC-001-AI-R003,mandatory_coverage,Covered,Required,Match,Verified
26,Customer Support Executive,NEX-PROC-001-AI-R004,mandatory_coverage,Covered,Required,Match,Verified
26,Customer Support Executive,NEX-PROC-001-AI-R005,mandatory_coverage,Covered,Required,Match,Verified
26,Customer Support Executive,NEX-PROC-001-AI-R006,mandatory_coverage,Covered,Required,Match,Verified
26,Customer Support Executive,NEX-PROC-001-AI-R007,mandatory_coverage,Covered,Required,Match,Verified
26,Customer Support Executive,NEXORA-R001,mandatory_coverage,Covered,Required,Match,Verified
26,Customer Support Executive,NEXORA-R002,mandatory_coverage,Covered,Required,Match,Verified
26,Customer Support Executive,NEXORA-R003,mandatory_coverage,Covered,Required,Match,Verified
26,Customer Support Executive,NEXORA-R004,mandatory_coverage,Covered,Required,Match,Verified
26,Customer Support Executive,NEXORA-R005,mandatory_coverage,Covered,Required,Match,Verified
26,Customer Support Executive,NEXORA-R006,mandatory_coverage,Covered,Required,Match,Verified
26,Customer Support Executive,NEXORA-R009,mandatory_coverage,Covered,Required,Match,Verified
26,Customer Support Executive,NEXORA-R014,mandatory_coverage,Covered,Required,Match,Verified
26,Customer Support Executive,NEXORA-2-R003,mandatory_coverage,Covered,Required,Match,Verified
26,Customer Support Executive,NEXORA-R025,mandatory_coverage,Covered,Required,Match,Verified
26,Customer Support Executive,NEXORA-2-R004,mandatory_coverage,Covered,Required,Match,Verified
26,Customer Support Executive,NEXORA-2-R008,mandatory_coverage,Covered,Required,Match,Verified
26,Customer Support Executive,NEXORA-3-R001,mandatory_coverage,Covered,Required,Match,Verified
26,Customer Support Executive,NEXORA-4-R001,mandatory_coverage,Covered,Required,Match,Verified
26,Customer Support Executive,NEXORA-R026,mandatory_coverage,Covered,Required,Match,Verified
26,Customer Support Executive,NEXORA-2-R001,mandatory_coverage,Covered,Required,Match,Verified
26,Customer Support Executive,NEXORA-2-R009,mandatory_coverage,Covered,Required,Match,Verified
26,Customer Support Executive,NEXORA-3-R002,mandatory_coverage,Covered,Required,Match,Verified
26,Customer Support Executive,NEXORA-4-R002,mandatory_coverage,Covered,Required,Match,Verified
26,Customer Support Executive,NEXORA-2-R010,mandatory_coverage,Covered,Required,Match,Verified
26,Customer Support Executive,NEXORA-4-R003,mandatory_coverage,Covered,Required,Match,Verified
26,Customer Support Executive,NEXORA-R021,mandatory_coverage,Covered,Required,Match,Verified
26,Customer Support Executive,NEXORA-4-R004,mandatory_coverage,Covered,Required,Match,Verified
26,Customer Support Executive,NEXORA-R022,mandatory_coverage,Covered,Required,Match,Verified
26,Customer Support Executive,NEXORA-R023,mandatory_coverage,Covered,Required,Match,Verified
26,Customer Support Executive,NEXORA-2-R002,mandatory_coverage,Covered,Required,Match,Verified
26,Customer Support Executive,NEX-HBK-001-AI-R015,optional_coverage,Covered,Optional,Match,Verified
26,Customer Support Executive,NEX-HBK-001-AI-R017,optional_coverage,Covered,Optional,Match,Verified
26,Customer Support Executive,NEX-HBK-001-AI-R019,optional_coverage,Covered,Optional,Match,Verified
26,Customer Support Executive,NEXORA-R024,optional_coverage,Covered,Optional,Match,Verified
26,Customer Support Executive,NEXORA-R028,optional_coverage,Covered,Optional,Match,Verified
26,Customer Support Executive,NEXORA-3-R003,optional_coverage,Covered,Optional,Match,Verified
27,HR Executive,NEX-ENG-SOP-001-AI-R002,mandatory_coverage,Covered,Required,Match,Verified
27,HR Executive,REQ-005,mandatory_coverage,Covered,Required,Match,Verified
27,HR Executive,REQ-008,mandatory_coverage,Covered,Required,Match,Verified
27,HR Executive,REQ-009,mandatory_coverage,Covered,Required,Match,Verified
27,HR Executive,REQ-010,mandatory_coverage,Covered,Required,Match,Verified
27,HR Executive,NEX-HBK-001-AI-R001,mandatory_coverage,Covered,Required,Match,Verified
27,HR Executive,NEX-HBK-001-AI-R002,mandatory_coverage,Covered,Required,Match,Verified
27,HR Executive,NEX-HBK-001-AI-R003,mandatory_coverage,Covered,Required,Match,Verified
27,HR Executive,NEX-HBK-001-AI-R004,mandatory_coverage,Covered,Required,Match,Verified
27,HR Executive,NEX-HBK-001-AI-R005,mandatory_coverage,Covered,Required,Match,Verified
27,HR Executive,NEX-HBK-001-AI-R006,mandatory_coverage,Covered,Required,Match,Verified
27,HR Executive,NEX-HBK-001-AI-R007,mandatory_coverage,Covered,Required,Match,Verified
27,HR Executive,NEX-HBK-001-AI-R008,mandatory_coverage,Covered,Required,Match,Verified
27,HR Executive,NEX-HBK-001-AI-R009,mandatory_coverage,Covered,Required,Match,Verified
27,HR Executive,NEX-HBK-001-AI-R010,mandatory_coverage,Covered,Required,Match,Verified
27,HR Executive,NEX-HBK-001-AI-R011,mandatory_coverage,Covered,Required,Match,Verified
27,HR Executive,NEX-HBK-001-AI-R012,mandatory_coverage,Covered,Required,Match,Verified
27,HR Executive,NEX-HBK-001-AI-R013,mandatory_coverage,Covered,Required,Match,Verified
27,HR Executive,NEX-HBK-001-AI-R014,mandatory_coverage,Covered,Required,Match,Verified
27,HR Executive,NEX-HBK-001-AI-R016,mandatory_coverage,Covered,Required,Match,Verified
27,HR Executive,NEX-HBK-001-AI-R018,mandatory_coverage,Covered,Required,Match,Verified
27,HR Executive,NEX-HR-001-AI-R001,mandatory_coverage,Covered,Required,Match,Verified
27,HR Executive,NEX-LEAVE-001-AI-R001,mandatory_coverage,Covered,Required,Match,Verified
27,HR Executive,NEX-SEC-001-AI-R001,mandatory_coverage,Covered,Required,Match,Verified
27,HR Executive,NEX-SEC-001-AI-R002,mandatory_coverage,Covered,Required,Match,Verified
27,HR Executive,NEX-CON-001-AI-R001,mandatory_coverage,Covered,Required,Match,Verified
27,HR Executive,NEX-PRIV-001-AI-R001,mandatory_coverage,Covered,Required,Match,Verified
27,HR Executive,NEX-PRIV-001-AI-R002,mandatory_coverage,Covered,Required,Match,Verified
27,HR Executive,NEX-PRIV-001-AI-R003,mandatory_coverage,Covered,Required,Match,Verified
27,HR Executive,NEX-ENG-SOP-001-AI-R001,mandatory_coverage,Covered,Required,Match,Verified
27,HR Executive,NEX-ENG-SOP-001-AI-R003,mandatory_coverage,Covered,Required,Match,Verified
27,HR Executive,NEX-ENG-SOP-001-AI-R004,mandatory_coverage,Covered,Required,Match,Verified
27,HR Executive,NEX-ENG-SOP-001-AI-R005,mandatory_coverage,Covered,Required,Match,Verified
27,HR Executive,NEX-FIN-SOP-001-AI-R001,mandatory_coverage,Covered,Required,Match,Verified
27,HR Executive,NEX-FIN-SOP-001-AI-R002,mandatory_coverage,Covered,Required,Match,Verified
27,HR Executive,NEX-FIN-SOP-001-AI-R003,mandatory_coverage,Covered,Required,Match,Verified
27,HR Executive,NEX-FIN-SOP-001-AI-R004,mandatory_coverage,Covered,Required,Match,Verified
27,HR Executive,NEX-ROLE-005-AI-R001,mandatory_coverage,Covered,Required,Match,Verified
27,HR Executive,NEX-ROLE-005-AI-R002,mandatory_coverage,Covered,Required,Match,Verified
27,HR Executive,NEX-ROLE-005-AI-R003,mandatory_coverage,Covered,Required,Match,Verified
27,HR Executive,NEX-ROLE-005-AI-R004,mandatory_coverage,Covered,Required,Match,Verified
27,HR Executive,NEX-ROLE-005-AI-R005,mandatory_coverage,Covered,Required,Match,Verified
27,HR Executive,NEX-ROLE-005-AI-R006,mandatory_coverage,Covered,Required,Match,Verified
27,HR Executive,NEX-ROLE-005-AI-R007,mandatory_coverage,Covered,Required,Match,Verified
27,HR Executive,NEX-ROLE-005-AI-R008,mandatory_coverage,Covered,Required,Match,Verified
27,HR Executive,NEX-ROLE-005-AI-R009,mandatory_coverage,Covered,Required,Match,Verified
27,HR Executive,NEX-ROLE-005-AI-R010,mandatory_coverage,Covered,Required,Match,Verified
27,HR Executive,NEX-ROLE-005-AI-R011,mandatory_coverage,Covered,Required,Match,Verified
27,HR Executive,NEX-ROLE-005-AI-R012,mandatory_coverage,Covered,Required,Match,Verified
27,HR Executive,NEX-FAQ-001-AI-R001,mandatory_coverage,Covered,Required,Match,Verified
27,HR Executive,NEX-FAQ-001-AI-R002,mandatory_coverage,Covered,Required,Match,Verified
27,HR Executive,NEX-FAQ-001-AI-R003,mandatory_coverage,Covered,Required,Match,Verified
27,HR Executive,NEX-FAQ-001-AI-R004,mandatory_coverage,Covered,Required,Match,Verified
27,HR Executive,NEX-FAQ-001-AI-R005,mandatory_coverage,Covered,Required,Match,Verified
27,HR Executive,NEX-FAQ-001-AI-R006,mandatory_coverage,Covered,Required,Match,Verified
27,HR Executive,NEX-FAQ-001-AI-R007,mandatory_coverage,Covered,Required,Match,Verified
27,HR Executive,NEX-FAQ-001-AI-R008,mandatory_coverage,Covered,Required,Match,Verified
27,HR Executive,NEX-PROC-002-AI-R001,mandatory_coverage,Covered,Required,Match,Verified
27,HR Executive,NEX-PROC-003-AI-R001,mandatory_coverage,Covered,Required,Match,Verified
27,HR Executive,NEX-PROC-003-AI-R002,mandatory_coverage,Covered,Required,Match,Verified
27,HR Executive,NEX-COMP-001-AI-R001,mandatory_coverage,Covered,Required,Match,Verified
27,HR Executive,NEX-ESC-001-AI-R001,mandatory_coverage,Covered,Required,Match,Verified
27,HR Executive,NEX-FAQ-002-AI-R001,mandatory_coverage,Covered,Required,Match,Verified
27,HR Executive,NEX-PROC-001-AI-R001,mandatory_coverage,Covered,Required,Match,Verified
27,HR Executive,NEX-PROC-001-AI-R002,mandatory_coverage,Covered,Required,Match,Verified
27,HR Executive,NEX-PROC-001-AI-R003,mandatory_coverage,Covered,Required,Match,Verified
27,HR Executive,NEX-PROC-001-AI-R004,mandatory_coverage,Covered,Required,Match,Verified
27,HR Executive,NEX-PROC-001-AI-R005,mandatory_coverage,Covered,Required,Match,Verified
27,HR Executive,NEX-PROC-001-AI-R006,mandatory_coverage,Covered,Required,Match,Verified
27,HR Executive,NEX-PROC-001-AI-R007,mandatory_coverage,Covered,Required,Match,Verified
27,HR Executive,NEXORA-R001,mandatory_coverage,Covered,Required,Match,Verified
27,HR Executive,NEXORA-R002,mandatory_coverage,Covered,Required,Match,Verified
27,HR Executive,NEXORA-R003,mandatory_coverage,Covered,Required,Match,Verified
27,HR Executive,NEXORA-R004,mandatory_coverage,Covered,Required,Match,Verified
27,HR Executive,NEXORA-R005,mandatory_coverage,Covered,Required,Match,Verified
27,HR Executive,NEXORA-R006,mandatory_coverage,Covered,Required,Match,Verified
27,HR Executive,NEXORA-R015,mandatory_coverage,Covered,Required,Match,Verified
27,HR Executive,NEXORA-R025,mandatory_coverage,Covered,Required,Match,Verified
27,HR Executive,NEXORA-2-R008,mandatory_coverage,Covered,Required,Match,Verified
27,HR Executive,NEXORA-3-R001,mandatory_coverage,Covered,Required,Match,Verified
27,HR Executive,NEXORA-4-R001,mandatory_coverage,Covered,Required,Match,Verified
27,HR Executive,NEXORA-R026,mandatory_coverage,Covered,Required,Match,Verified
27,HR Executive,NEXORA-2-R001,mandatory_coverage,Covered,Required,Match,Verified
27,HR Executive,NEXORA-2-R005,mandatory_coverage,Covered,Required,Match,Verified
27,HR Executive,NEXORA-2-R009,mandatory_coverage,Covered,Required,Match,Verified
27,HR Executive,NEXORA-3-R002,mandatory_coverage,Covered,Required,Match,Verified
27,HR Executive,NEXORA-4-R002,mandatory_coverage,Covered,Required,Match,Verified
27,HR Executive,NEXORA-2-R010,mandatory_coverage,Covered,Required,Match,Verified
27,HR Executive,NEXORA-4-R003,mandatory_coverage,Covered,Required,Match,Verified
27,HR Executive,NEXORA-R021,mandatory_coverage,Covered,Required,Match,Verified
27,HR Executive,NEXORA-4-R004,mandatory_coverage,Covered,Required,Match,Verified
27,HR Executive,NEXORA-R022,mandatory_coverage,Covered,Required,Match,Verified
27,HR Executive,NEXORA-R023,mandatory_coverage,Covered,Required,Match,Verified
27,HR Executive,NEXORA-2-R002,mandatory_coverage,Covered,Required,Match,Verified
27,HR Executive,NEX-HBK-001-AI-R015,optional_coverage,Covered,Optional,Match,Verified
27,HR Executive,NEX-HBK-001-AI-R017,optional_coverage,Covered,Optional,Match,Verified
27,HR Executive,NEX-HBK-001-AI-R019,optional_coverage,Covered,Optional,Match,Verified
27,HR Executive,NEXORA-R024,optional_coverage,Covered,Optional,Match,Verified
27,HR Executive,NEXORA-R028,optional_coverage,Covered,Optional,Match,Verified
27,HR Executive,NEXORA-3-R003,optional_coverage,Covered,Optional,Match,Verified
28,Product Manager,NEX-ENG-SOP-001-AI-R002,mandatory_coverage,Covered,Required,Match,Verified
28,Product Manager,REQ-008,mandatory_coverage,Covered,Required,Match,Verified
28,Product Manager,REQ-009,mandatory_coverage,Covered,Required,Match,Verified
28,Product Manager,REQ-010,mandatory_coverage,Covered,Required,Match,Verified
28,Product Manager,NEX-HBK-001-AI-R001,mandatory_coverage,Covered,Required,Match,Verified
28,Product Manager,NEX-HBK-001-AI-R002,mandatory_coverage,Covered,Required,Match,Verified
28,Product Manager,NEX-HBK-001-AI-R003,mandatory_coverage,Covered,Required,Match,Verified
28,Product Manager,NEX-HBK-001-AI-R004,mandatory_coverage,Covered,Required,Match,Verified
28,Product Manager,NEX-HBK-001-AI-R005,mandatory_coverage,Covered,Required,Match,Verified
28,Product Manager,NEX-HBK-001-AI-R006,mandatory_coverage,Covered,Required,Match,Verified
28,Product Manager,NEX-HBK-001-AI-R007,mandatory_coverage,Covered,Required,Match,Verified
28,Product Manager,NEX-HBK-001-AI-R008,mandatory_coverage,Covered,Required,Match,Verified
28,Product Manager,NEX-HBK-001-AI-R009,mandatory_coverage,Covered,Required,Match,Verified
28,Product Manager,NEX-HBK-001-AI-R010,mandatory_coverage,Covered,Required,Match,Verified
28,Product Manager,NEX-HBK-001-AI-R011,mandatory_coverage,Covered,Required,Match,Verified
28,Product Manager,NEX-HBK-001-AI-R012,mandatory_coverage,Covered,Required,Match,Verified
28,Product Manager,NEX-HBK-001-AI-R013,mandatory_coverage,Covered,Required,Match,Verified
28,Product Manager,NEX-HBK-001-AI-R014,mandatory_coverage,Covered,Required,Match,Verified
28,Product Manager,NEX-HBK-001-AI-R016,mandatory_coverage,Covered,Required,Match,Verified
28,Product Manager,NEX-HBK-001-AI-R018,mandatory_coverage,Covered,Required,Match,Verified
28,Product Manager,NEX-HR-001-AI-R001,mandatory_coverage,Covered,Required,Match,Verified
28,Product Manager,NEX-LEAVE-001-AI-R001,mandatory_coverage,Covered,Required,Match,Verified
28,Product Manager,NEX-SEC-001-AI-R001,mandatory_coverage,Covered,Required,Match,Verified
28,Product Manager,NEX-SEC-001-AI-R002,mandatory_coverage,Covered,Required,Match,Verified
28,Product Manager,NEX-CON-001-AI-R001,mandatory_coverage,Covered,Required,Match,Verified
28,Product Manager,NEX-PRIV-001-AI-R001,mandatory_coverage,Covered,Required,Match,Verified
28,Product Manager,NEX-PRIV-001-AI-R002,mandatory_coverage,Covered,Required,Match,Verified
28,Product Manager,NEX-PRIV-001-AI-R003,mandatory_coverage,Covered,Required,Match,Verified
28,Product Manager,NEX-ENG-SOP-001-AI-R001,mandatory_coverage,Covered,Required,Match,Verified
28,Product Manager,NEX-ENG-SOP-001-AI-R003,mandatory_coverage,Covered,Required,Match,Verified
28,Product Manager,NEX-ENG-SOP-001-AI-R004,mandatory_coverage,Covered,Required,Match,Verified
28,Product Manager,NEX-ENG-SOP-001-AI-R005,mandatory_coverage,Covered,Required,Match,Verified
28,Product Manager,NEX-FIN-SOP-001-AI-R001,mandatory_coverage,Covered,Required,Match,Verified
28,Product Manager,NEX-FIN-SOP-001-AI-R002,mandatory_coverage,Covered,Required,Match,Verified
28,Product Manager,NEX-FIN-SOP-001-AI-R003,mandatory_coverage,Covered,Required,Match,Verified
28,Product Manager,NEX-FIN-SOP-001-AI-R004,mandatory_coverage,Covered,Required,Match,Verified
28,Product Manager,NEX-ROLE-006-AI-R001,mandatory_coverage,Covered,Required,Match,Verified
28,Product Manager,NEX-ROLE-006-AI-R002,mandatory_coverage,Covered,Required,Match,Verified
28,Product Manager,NEX-ROLE-006-AI-R003,mandatory_coverage,Covered,Required,Match,Verified
28,Product Manager,NEX-ROLE-006-AI-R004,mandatory_coverage,Covered,Required,Match,Verified
28,Product Manager,NEX-ROLE-006-AI-R005,mandatory_coverage,Covered,Required,Match,Verified
28,Product Manager,NEX-ROLE-006-AI-R006,mandatory_coverage,Covered,Required,Match,Verified
28,Product Manager,NEX-ROLE-006-AI-R007,mandatory_coverage,Covered,Required,Match,Verified
28,Product Manager,NEX-ROLE-006-AI-R008,mandatory_coverage,Covered,Required,Match,Verified
28,Product Manager,NEX-ROLE-006-AI-R009,mandatory_coverage,Covered,Required,Match,Verified
28,Product Manager,NEX-ROLE-006-AI-R010,mandatory_coverage,Covered,Required,Match,Verified
28,Product Manager,NEX-ROLE-006-AI-R011,mandatory_coverage,Covered,Required,Match,Verified
28,Product Manager,NEX-ROLE-006-AI-R012,mandatory_coverage,Covered,Required,Match,Verified
28,Product Manager,NEX-ROLE-006-AI-R013,mandatory_coverage,Covered,Required,Match,Verified
28,Product Manager,NEX-FAQ-001-AI-R001,mandatory_coverage,Covered,Required,Match,Verified
28,Product Manager,NEX-FAQ-001-AI-R002,mandatory_coverage,Covered,Required,Match,Verified
28,Product Manager,NEX-FAQ-001-AI-R003,mandatory_coverage,Covered,Required,Match,Verified
28,Product Manager,NEX-FAQ-001-AI-R004,mandatory_coverage,Covered,Required,Match,Verified
28,Product Manager,NEX-FAQ-001-AI-R005,mandatory_coverage,Covered,Required,Match,Verified
28,Product Manager,NEX-FAQ-001-AI-R006,mandatory_coverage,Covered,Required,Match,Verified
28,Product Manager,NEX-FAQ-001-AI-R007,mandatory_coverage,Covered,Required,Match,Verified
28,Product Manager,NEX-FAQ-001-AI-R008,mandatory_coverage,Covered,Required,Match,Verified
28,Product Manager,NEX-PROC-002-AI-R001,mandatory_coverage,Covered,Required,Match,Verified
28,Product Manager,NEX-PROC-003-AI-R001,mandatory_coverage,Covered,Required,Match,Verified
28,Product Manager,NEX-PROC-003-AI-R002,mandatory_coverage,Covered,Required,Match,Verified
28,Product Manager,NEX-COMP-001-AI-R001,mandatory_coverage,Covered,Required,Match,Verified
28,Product Manager,NEX-ESC-001-AI-R001,mandatory_coverage,Covered,Required,Match,Verified
28,Product Manager,NEX-FAQ-002-AI-R001,mandatory_coverage,Covered,Required,Match,Verified
28,Product Manager,NEX-PROC-001-AI-R001,mandatory_coverage,Covered,Required,Match,Verified
28,Product Manager,NEX-PROC-001-AI-R002,mandatory_coverage,Covered,Required,Match,Verified
28,Product Manager,NEX-PROC-001-AI-R003,mandatory_coverage,Covered,Required,Match,Verified
28,Product Manager,NEX-PROC-001-AI-R004,mandatory_coverage,Covered,Required,Match,Verified
28,Product Manager,NEX-PROC-001-AI-R005,mandatory_coverage,Covered,Required,Match,Verified
28,Product Manager,NEX-PROC-001-AI-R006,mandatory_coverage,Covered,Required,Match,Verified
28,Product Manager,NEX-PROC-001-AI-R007,mandatory_coverage,Covered,Required,Match,Verified
28,Product Manager,NEXORA-R001,mandatory_coverage,Covered,Required,Match,Verified
28,Product Manager,NEXORA-R002,mandatory_coverage,Covered,Required,Match,Verified
28,Product Manager,NEXORA-R003,mandatory_coverage,Covered,Required,Match,Verified
28,Product Manager,NEXORA-R004,mandatory_coverage,Covered,Required,Match,Verified
28,Product Manager,NEXORA-R005,mandatory_coverage,Covered,Required,Match,Verified
28,Product Manager,NEXORA-R006,mandatory_coverage,Covered,Required,Match,Verified
28,Product Manager,NEXORA-R016,mandatory_coverage,Covered,Required,Match,Verified
28,Product Manager,NEXORA-R025,mandatory_coverage,Covered,Required,Match,Verified
28,Product Manager,NEXORA-2-R008,mandatory_coverage,Covered,Required,Match,Verified
28,Product Manager,NEXORA-3-R001,mandatory_coverage,Covered,Required,Match,Verified
28,Product Manager,NEXORA-4-R001,mandatory_coverage,Covered,Required,Match,Verified
28,Product Manager,NEXORA-R026,mandatory_coverage,Covered,Required,Match,Verified
28,Product Manager,NEXORA-2-R001,mandatory_coverage,Covered,Required,Match,Verified
28,Product Manager,NEXORA-2-R009,mandatory_coverage,Covered,Required,Match,Verified
28,Product Manager,NEXORA-3-R002,mandatory_coverage,Covered,Required,Match,Verified
28,Product Manager,NEXORA-4-R002,mandatory_coverage,Covered,Required,Match,Verified
28,Product Manager,NEXORA-2-R010,mandatory_coverage,Covered,Required,Match,Verified
28,Product Manager,NEXORA-4-R003,mandatory_coverage,Covered,Required,Match,Verified
28,Product Manager,NEXORA-R021,mandatory_coverage,Covered,Required,Match,Verified
28,Product Manager,NEXORA-4-R004,mandatory_coverage,Covered,Required,Match,Verified
28,Product Manager,NEXORA-R022,mandatory_coverage,Covered,Required,Match,Verified
28,Product Manager,NEXORA-R023,mandatory_coverage,Covered,Required,Match,Verified
28,Product Manager,NEXORA-2-R002,mandatory_coverage,Covered,Required,Match,Verified
28,Product Manager,NEX-HBK-001-AI-R015,optional_coverage,Covered,Optional,Match,Verified
28,Product Manager,NEX-HBK-001-AI-R017,optional_coverage,Covered,Optional,Match,Verified
28,Product Manager,NEX-HBK-001-AI-R019,optional_coverage,Covered,Optional,Match,Verified
28,Product Manager,NEXORA-R024,optional_coverage,Covered,Optional,Match,Verified
28,Product Manager,NEXORA-R028,optional_coverage,Covered,Optional,Match,Verified
28,Product Manager,NEXORA-3-R003,optional_coverage,Covered,Optional,Match,Verified
29,Data Analyst,NEX-ENG-SOP-001-AI-R002,mandatory_coverage,Covered,Required,Match,Verified
29,Data Analyst,REQ-008,mandatory_coverage,Covered,Required,Match,Verified
29,Data Analyst,REQ-009,mandatory_coverage,Covered,Required,Match,Verified
29,Data Analyst,REQ-010,mandatory_coverage,Covered,Required,Match,Verified
29,Data Analyst,REQ-012,mandatory_coverage,Covered,Required,Match,Verified
29,Data Analyst,NEX-HBK-001-AI-R001,mandatory_coverage,Covered,Required,Match,Verified
29,Data Analyst,NEX-HBK-001-AI-R002,mandatory_coverage,Covered,Required,Match,Verified
29,Data Analyst,NEX-HBK-001-AI-R003,mandatory_coverage,Covered,Required,Match,Verified
29,Data Analyst,NEX-HBK-001-AI-R004,mandatory_coverage,Covered,Required,Match,Verified
29,Data Analyst,NEX-HBK-001-AI-R005,mandatory_coverage,Covered,Required,Match,Verified
29,Data Analyst,NEX-HBK-001-AI-R006,mandatory_coverage,Covered,Required,Match,Verified
29,Data Analyst,NEX-HBK-001-AI-R007,mandatory_coverage,Covered,Required,Match,Verified
29,Data Analyst,NEX-HBK-001-AI-R008,mandatory_coverage,Covered,Required,Match,Verified
29,Data Analyst,NEX-HBK-001-AI-R009,mandatory_coverage,Covered,Required,Match,Verified
29,Data Analyst,NEX-HBK-001-AI-R010,mandatory_coverage,Covered,Required,Match,Verified
29,Data Analyst,NEX-HBK-001-AI-R011,mandatory_coverage,Covered,Required,Match,Verified
29,Data Analyst,NEX-HBK-001-AI-R012,mandatory_coverage,Covered,Required,Match,Verified
29,Data Analyst,NEX-HBK-001-AI-R013,mandatory_coverage,Covered,Required,Match,Verified
29,Data Analyst,NEX-HBK-001-AI-R014,mandatory_coverage,Covered,Required,Match,Verified
29,Data Analyst,NEX-HBK-001-AI-R016,mandatory_coverage,Covered,Required,Match,Verified
29,Data Analyst,NEX-HBK-001-AI-R018,mandatory_coverage,Covered,Required,Match,Verified
29,Data Analyst,NEX-HR-001-AI-R001,mandatory_coverage,Covered,Required,Match,Verified
29,Data Analyst,NEX-LEAVE-001-AI-R001,mandatory_coverage,Covered,Required,Match,Verified
29,Data Analyst,NEX-SEC-001-AI-R001,mandatory_coverage,Covered,Required,Match,Verified
29,Data Analyst,NEX-SEC-001-AI-R002,mandatory_coverage,Covered,Required,Match,Verified
29,Data Analyst,NEX-CON-001-AI-R001,mandatory_coverage,Covered,Required,Match,Verified
29,Data Analyst,NEX-PRIV-001-AI-R001,mandatory_coverage,Covered,Required,Match,Verified
29,Data Analyst,NEX-PRIV-001-AI-R002,mandatory_coverage,Covered,Required,Match,Verified
29,Data Analyst,NEX-PRIV-001-AI-R003,mandatory_coverage,Covered,Required,Match,Verified
29,Data Analyst,NEX-ENG-SOP-001-AI-R001,mandatory_coverage,Covered,Required,Match,Verified
29,Data Analyst,NEX-ENG-SOP-001-AI-R003,mandatory_coverage,Covered,Required,Match,Verified
29,Data Analyst,NEX-ENG-SOP-001-AI-R004,mandatory_coverage,Covered,Required,Match,Verified
29,Data Analyst,NEX-ENG-SOP-001-AI-R005,mandatory_coverage,Covered,Required,Match,Verified
29,Data Analyst,NEX-FIN-SOP-001-AI-R001,mandatory_coverage,Covered,Required,Match,Verified
29,Data Analyst,NEX-FIN-SOP-001-AI-R002,mandatory_coverage,Covered,Required,Match,Verified
29,Data Analyst,NEX-FIN-SOP-001-AI-R003,mandatory_coverage,Covered,Required,Match,Verified
29,Data Analyst,NEX-FIN-SOP-001-AI-R004,mandatory_coverage,Covered,Required,Match,Verified
29,Data Analyst,NEX-ROLE-007-AI-R001,mandatory_coverage,Covered,Required,Match,Verified
29,Data Analyst,NEX-ROLE-007-AI-R002,mandatory_coverage,Covered,Required,Match,Verified
29,Data Analyst,NEX-ROLE-007-AI-R003,mandatory_coverage,Covered,Required,Match,Verified
29,Data Analyst,NEX-ROLE-007-AI-R004,mandatory_coverage,Covered,Required,Match,Verified
29,Data Analyst,NEX-ROLE-007-AI-R005,mandatory_coverage,Covered,Required,Match,Verified
29,Data Analyst,NEX-ROLE-007-AI-R006,mandatory_coverage,Covered,Required,Match,Verified
29,Data Analyst,NEX-FAQ-001-AI-R001,mandatory_coverage,Covered,Required,Match,Verified
29,Data Analyst,NEX-FAQ-001-AI-R002,mandatory_coverage,Covered,Required,Match,Verified
29,Data Analyst,NEX-FAQ-001-AI-R003,mandatory_coverage,Covered,Required,Match,Verified
29,Data Analyst,NEX-FAQ-001-AI-R004,mandatory_coverage,Covered,Required,Match,Verified
29,Data Analyst,NEX-FAQ-001-AI-R005,mandatory_coverage,Covered,Required,Match,Verified
29,Data Analyst,NEX-FAQ-001-AI-R006,mandatory_coverage,Covered,Required,Match,Verified
29,Data Analyst,NEX-FAQ-001-AI-R007,mandatory_coverage,Covered,Required,Match,Verified
29,Data Analyst,NEX-FAQ-001-AI-R008,mandatory_coverage,Covered,Required,Match,Verified
29,Data Analyst,NEX-PROC-002-AI-R001,mandatory_coverage,Covered,Required,Match,Verified
29,Data Analyst,NEX-PROC-003-AI-R001,mandatory_coverage,Covered,Required,Match,Verified
29,Data Analyst,NEX-PROC-003-AI-R002,mandatory_coverage,Covered,Required,Match,Verified
29,Data Analyst,NEX-COMP-001-AI-R001,mandatory_coverage,Covered,Required,Match,Verified
29,Data Analyst,NEX-ESC-001-AI-R001,mandatory_coverage,Covered,Required,Match,Verified
29,Data Analyst,NEX-FAQ-002-AI-R001,mandatory_coverage,Covered,Required,Match,Verified
29,Data Analyst,NEX-PROC-001-AI-R001,mandatory_coverage,Covered,Required,Match,Verified
29,Data Analyst,NEX-PROC-001-AI-R002,mandatory_coverage,Covered,Required,Match,Verified
29,Data Analyst,NEX-PROC-001-AI-R003,mandatory_coverage,Covered,Required,Match,Verified
29,Data Analyst,NEX-PROC-001-AI-R004,mandatory_coverage,Covered,Required,Match,Verified
29,Data Analyst,NEX-PROC-001-AI-R005,mandatory_coverage,Covered,Required,Match,Verified
29,Data Analyst,NEX-PROC-001-AI-R006,mandatory_coverage,Covered,Required,Match,Verified
29,Data Analyst,NEX-PROC-001-AI-R007,mandatory_coverage,Covered,Required,Match,Verified
29,Data Analyst,NEXORA-R001,mandatory_coverage,Covered,Required,Match,Verified
29,Data Analyst,NEXORA-R002,mandatory_coverage,Covered,Required,Match,Verified
29,Data Analyst,NEXORA-R003,mandatory_coverage,Covered,Required,Match,Verified
29,Data Analyst,NEXORA-R004,mandatory_coverage,Covered,Required,Match,Verified
29,Data Analyst,NEXORA-R005,mandatory_coverage,Covered,Required,Match,Verified
29,Data Analyst,NEXORA-R006,mandatory_coverage,Covered,Required,Match,Verified
29,Data Analyst,NEXORA-R017,mandatory_coverage,Covered,Required,Match,Verified
29,Data Analyst,NEXORA-R025,mandatory_coverage,Covered,Required,Match,Verified
29,Data Analyst,NEXORA-2-R008,mandatory_coverage,Covered,Required,Match,Verified
29,Data Analyst,NEXORA-3-R001,mandatory_coverage,Covered,Required,Match,Verified
29,Data Analyst,NEXORA-4-R001,mandatory_coverage,Covered,Required,Match,Verified
29,Data Analyst,NEXORA-R026,mandatory_coverage,Covered,Required,Match,Verified
29,Data Analyst,NEXORA-2-R001,mandatory_coverage,Covered,Required,Match,Verified
29,Data Analyst,NEXORA-2-R009,mandatory_coverage,Covered,Required,Match,Verified
29,Data Analyst,NEXORA-3-R002,mandatory_coverage,Covered,Required,Match,Verified
29,Data Analyst,NEXORA-4-R002,mandatory_coverage,Covered,Required,Match,Verified
29,Data Analyst,NEXORA-2-R010,mandatory_coverage,Covered,Required,Match,Verified
29,Data Analyst,NEXORA-4-R003,mandatory_coverage,Covered,Required,Match,Verified
29,Data Analyst,NEXORA-R021,mandatory_coverage,Covered,Required,Match,Verified
29,Data Analyst,NEXORA-4-R004,mandatory_coverage,Covered,Required,Match,Verified
29,Data Analyst,NEXORA-R022,mandatory_coverage,Covered,Required,Match,Verified
29,Data Analyst,NEXORA-R023,mandatory_coverage,Covered,Required,Match,Verified
29,Data Analyst,NEXORA-2-R002,mandatory_coverage,Covered,Required,Match,Verified
29,Data Analyst,NEXORA-2-R012,mandatory_coverage,Covered,Required,Match,Verified
29,Data Analyst,NEX-HBK-001-AI-R015,optional_coverage,Covered,Optional,Match,Verified
29,Data Analyst,NEX-HBK-001-AI-R017,optional_coverage,Covered,Optional,Match,Verified
29,Data Analyst,NEX-HBK-001-AI-R019,optional_coverage,Covered,Optional,Match,Verified
29,Data Analyst,NEXORA-R024,optional_coverage,Covered,Optional,Match,Verified
29,Data Analyst,NEXORA-R028,optional_coverage,Covered,Optional,Match,Verified
29,Data Analyst,NEXORA-3-R003,optional_coverage,Covered,Optional,Match,Verified
30,Information Security Analyst,NEX-ENG-SOP-001-AI-R002,mandatory_coverage,Covered,Required,Match,Verified
30,Information Security Analyst,REQ-007,mandatory_coverage,Covered,Required,Match,Verified
30,Information Security Analyst,REQ-008,mandatory_coverage,Covered,Required,Match,Verified
30,Information Security Analyst,REQ-009,mandatory_coverage,Covered,Required,Match,Verified
30,Information Security Analyst,REQ-010,mandatory_coverage,Covered,Required,Match,Verified
30,Information Security Analyst,NEX-HBK-001-AI-R001,mandatory_coverage,Covered,Required,Match,Verified
30,Information Security Analyst,NEX-HBK-001-AI-R002,mandatory_coverage,Covered,Required,Match,Verified
30,Information Security Analyst,NEX-HBK-001-AI-R003,mandatory_coverage,Covered,Required,Match,Verified
30,Information Security Analyst,NEX-HBK-001-AI-R004,mandatory_coverage,Covered,Required,Match,Verified
30,Information Security Analyst,NEX-HBK-001-AI-R005,mandatory_coverage,Covered,Required,Match,Verified
30,Information Security Analyst,NEX-HBK-001-AI-R006,mandatory_coverage,Covered,Required,Match,Verified
30,Information Security Analyst,NEX-HBK-001-AI-R007,mandatory_coverage,Covered,Required,Match,Verified
30,Information Security Analyst,NEX-HBK-001-AI-R008,mandatory_coverage,Covered,Required,Match,Verified
30,Information Security Analyst,NEX-HBK-001-AI-R009,mandatory_coverage,Covered,Required,Match,Verified
30,Information Security Analyst,NEX-HBK-001-AI-R010,mandatory_coverage,Covered,Required,Match,Verified
30,Information Security Analyst,NEX-HBK-001-AI-R011,mandatory_coverage,Covered,Required,Match,Verified
30,Information Security Analyst,NEX-HBK-001-AI-R012,mandatory_coverage,Covered,Required,Match,Verified
30,Information Security Analyst,NEX-HBK-001-AI-R013,mandatory_coverage,Covered,Required,Match,Verified
30,Information Security Analyst,NEX-HBK-001-AI-R014,mandatory_coverage,Covered,Required,Match,Verified
30,Information Security Analyst,NEX-HBK-001-AI-R016,mandatory_coverage,Covered,Required,Match,Verified
30,Information Security Analyst,NEX-HBK-001-AI-R018,mandatory_coverage,Covered,Required,Match,Verified
30,Information Security Analyst,NEX-HR-001-AI-R001,mandatory_coverage,Covered,Required,Match,Verified
30,Information Security Analyst,NEX-LEAVE-001-AI-R001,mandatory_coverage,Covered,Required,Match,Verified
30,Information Security Analyst,NEX-SEC-001-AI-R001,mandatory_coverage,Covered,Required,Match,Verified
30,Information Security Analyst,NEX-SEC-001-AI-R002,mandatory_coverage,Covered,Required,Match,Verified
30,Information Security Analyst,NEX-CON-001-AI-R001,mandatory_coverage,Covered,Required,Match,Verified
30,Information Security Analyst,NEX-PRIV-001-AI-R001,mandatory_coverage,Covered,Required,Match,Verified
30,Information Security Analyst,NEX-PRIV-001-AI-R002,mandatory_coverage,Covered,Required,Match,Verified
30,Information Security Analyst,NEX-PRIV-001-AI-R003,mandatory_coverage,Covered,Required,Match,Verified
30,Information Security Analyst,NEX-ENG-SOP-001-AI-R001,mandatory_coverage,Covered,Required,Match,Verified
30,Information Security Analyst,NEX-ENG-SOP-001-AI-R003,mandatory_coverage,Covered,Required,Match,Verified
30,Information Security Analyst,NEX-ENG-SOP-001-AI-R004,mandatory_coverage,Covered,Required,Match,Verified
30,Information Security Analyst,NEX-ENG-SOP-001-AI-R005,mandatory_coverage,Covered,Required,Match,Verified
30,Information Security Analyst,NEX-FIN-SOP-001-AI-R001,mandatory_coverage,Covered,Required,Match,Verified
30,Information Security Analyst,NEX-FIN-SOP-001-AI-R002,mandatory_coverage,Covered,Required,Match,Verified
30,Information Security Analyst,NEX-FIN-SOP-001-AI-R003,mandatory_coverage,Covered,Required,Match,Verified
30,Information Security Analyst,NEX-FIN-SOP-001-AI-R004,mandatory_coverage,Covered,Required,Match,Verified
30,Information Security Analyst,NEX-ROLE-008-AI-R001,mandatory_coverage,Covered,Required,Match,Verified
30,Information Security Analyst,NEX-ROLE-008-AI-R002,mandatory_coverage,Covered,Required,Match,Verified
30,Information Security Analyst,NEX-ROLE-008-AI-R003,mandatory_coverage,Covered,Required,Match,Verified
30,Information Security Analyst,NEX-ROLE-008-AI-R004,mandatory_coverage,Covered,Required,Match,Verified
30,Information Security Analyst,NEX-ROLE-008-AI-R005,mandatory_coverage,Covered,Required,Match,Verified
30,Information Security Analyst,NEX-ROLE-008-AI-R006,mandatory_coverage,Covered,Required,Match,Verified
30,Information Security Analyst,NEX-FAQ-001-AI-R001,mandatory_coverage,Covered,Required,Match,Verified
30,Information Security Analyst,NEX-FAQ-001-AI-R002,mandatory_coverage,Covered,Required,Match,Verified
30,Information Security Analyst,NEX-FAQ-001-AI-R003,mandatory_coverage,Covered,Required,Match,Verified
30,Information Security Analyst,NEX-FAQ-001-AI-R004,mandatory_coverage,Covered,Required,Match,Verified
30,Information Security Analyst,NEX-FAQ-001-AI-R005,mandatory_coverage,Covered,Required,Match,Verified
30,Information Security Analyst,NEX-FAQ-001-AI-R006,mandatory_coverage,Covered,Required,Match,Verified
30,Information Security Analyst,NEX-FAQ-001-AI-R007,mandatory_coverage,Covered,Required,Match,Verified
30,Information Security Analyst,NEX-FAQ-001-AI-R008,mandatory_coverage,Covered,Required,Match,Verified
30,Information Security Analyst,NEX-PROC-002-AI-R001,mandatory_coverage,Covered,Required,Match,Verified
30,Information Security Analyst,NEX-PROC-003-AI-R001,mandatory_coverage,Covered,Required,Match,Verified
30,Information Security Analyst,NEX-PROC-003-AI-R002,mandatory_coverage,Covered,Required,Match,Verified
30,Information Security Analyst,NEX-COMP-001-AI-R001,mandatory_coverage,Covered,Required,Match,Verified
30,Information Security Analyst,NEX-ESC-001-AI-R001,mandatory_coverage,Covered,Required,Match,Verified
30,Information Security Analyst,NEX-FAQ-002-AI-R001,mandatory_coverage,Covered,Required,Match,Verified
30,Information Security Analyst,NEX-PROC-001-AI-R001,mandatory_coverage,Covered,Required,Match,Verified
30,Information Security Analyst,NEX-PROC-001-AI-R002,mandatory_coverage,Covered,Required,Match,Verified
30,Information Security Analyst,NEX-PROC-001-AI-R003,mandatory_coverage,Covered,Required,Match,Verified
30,Information Security Analyst,NEX-PROC-001-AI-R004,mandatory_coverage,Covered,Required,Match,Verified
30,Information Security Analyst,NEX-PROC-001-AI-R005,mandatory_coverage,Covered,Required,Match,Verified
30,Information Security Analyst,NEX-PROC-001-AI-R006,mandatory_coverage,Covered,Required,Match,Verified
30,Information Security Analyst,NEX-PROC-001-AI-R007,mandatory_coverage,Covered,Required,Match,Verified
30,Information Security Analyst,NEXORA-R001,mandatory_coverage,Covered,Required,Match,Verified
30,Information Security Analyst,NEXORA-R002,mandatory_coverage,Covered,Required,Match,Verified
30,Information Security Analyst,NEXORA-R003,mandatory_coverage,Covered,Required,Match,Verified
30,Information Security Analyst,NEXORA-R004,mandatory_coverage,Covered,Required,Match,Verified
30,Information Security Analyst,NEXORA-R005,mandatory_coverage,Covered,Required,Match,Verified
30,Information Security Analyst,NEXORA-R006,mandatory_coverage,Covered,Required,Match,Verified
30,Information Security Analyst,NEXORA-R018,mandatory_coverage,Covered,Required,Match,Verified
30,Information Security Analyst,NEXORA-R025,mandatory_coverage,Covered,Required,Match,Verified
30,Information Security Analyst,NEXORA-2-R008,mandatory_coverage,Covered,Required,Match,Verified
30,Information Security Analyst,NEXORA-3-R001,mandatory_coverage,Covered,Required,Match,Verified
30,Information Security Analyst,NEXORA-4-R001,mandatory_coverage,Covered,Required,Match,Verified
30,Information Security Analyst,NEXORA-R026,mandatory_coverage,Covered,Required,Match,Verified
30,Information Security Analyst,NEXORA-2-R001,mandatory_coverage,Covered,Required,Match,Verified
30,Information Security Analyst,NEXORA-2-R009,mandatory_coverage,Covered,Required,Match,Verified
30,Information Security Analyst,NEXORA-3-R002,mandatory_coverage,Covered,Required,Match,Verified
30,Information Security Analyst,NEXORA-4-R002,mandatory_coverage,Covered,Required,Match,Verified
30,Information Security Analyst,NEXORA-R027,mandatory_coverage,Covered,Required,Match,Verified
30,Information Security Analyst,NEXORA-2-R010,mandatory_coverage,Covered,Required,Match,Verified
30,Information Security Analyst,NEXORA-4-R003,mandatory_coverage,Covered,Required,Match,Verified
30,Information Security Analyst,NEXORA-R021,mandatory_coverage,Covered,Required,Match,Verified
30,Information Security Analyst,NEXORA-4-R004,mandatory_coverage,Covered,Required,Match,Verified
30,Information Security Analyst,NEXORA-R022,mandatory_coverage,Covered,Required,Match,Verified
30,Information Security Analyst,NEXORA-R023,mandatory_coverage,Covered,Required,Match,Verified
30,Information Security Analyst,NEXORA-2-R002,mandatory_coverage,Covered,Required,Match,Verified
30,Information Security Analyst,NEXORA-2-R007,mandatory_coverage,Covered,Required,Match,Verified
30,Information Security Analyst,NEX-HBK-001-AI-R015,optional_coverage,Covered,Optional,Match,Verified
30,Information Security Analyst,NEX-HBK-001-AI-R017,optional_coverage,Covered,Optional,Match,Verified
30,Information Security Analyst,NEX-HBK-001-AI-R019,optional_coverage,Covered,Optional,Match,Verified
30,Information Security Analyst,NEXORA-R024,optional_coverage,Covered,Optional,Match,Verified
30,Information Security Analyst,NEXORA-R028,optional_coverage,Covered,Optional,Match,Verified
30,Information Security Analyst,NEXORA-3-R003,optional_coverage,Covered,Optional,Match,Verified
31,UI/UX Designer,NEX-ENG-SOP-001-AI-R002,mandatory_coverage,Covered,Required,Match,Verified
31,UI/UX Designer,REQ-008,mandatory_coverage,Covered,Required,Match,Verified
31,UI/UX Designer,REQ-009,mandatory_coverage,Covered,Required,Match,Verified
31,UI/UX Designer,REQ-010,mandatory_coverage,Covered,Required,Match,Verified
31,UI/UX Designer,NEX-HBK-001-AI-R001,mandatory_coverage,Covered,Required,Match,Verified
31,UI/UX Designer,NEX-HBK-001-AI-R002,mandatory_coverage,Covered,Required,Match,Verified
31,UI/UX Designer,NEX-HBK-001-AI-R003,mandatory_coverage,Covered,Required,Match,Verified
31,UI/UX Designer,NEX-HBK-001-AI-R004,mandatory_coverage,Covered,Required,Match,Verified
31,UI/UX Designer,NEX-HBK-001-AI-R005,mandatory_coverage,Covered,Required,Match,Verified
31,UI/UX Designer,NEX-HBK-001-AI-R006,mandatory_coverage,Covered,Required,Match,Verified
31,UI/UX Designer,NEX-HBK-001-AI-R007,mandatory_coverage,Covered,Required,Match,Verified
31,UI/UX Designer,NEX-HBK-001-AI-R008,mandatory_coverage,Covered,Required,Match,Verified
31,UI/UX Designer,NEX-HBK-001-AI-R009,mandatory_coverage,Covered,Required,Match,Verified
31,UI/UX Designer,NEX-HBK-001-AI-R010,mandatory_coverage,Covered,Required,Match,Verified
31,UI/UX Designer,NEX-HBK-001-AI-R011,mandatory_coverage,Covered,Required,Match,Verified
31,UI/UX Designer,NEX-HBK-001-AI-R012,mandatory_coverage,Covered,Required,Match,Verified
31,UI/UX Designer,NEX-HBK-001-AI-R013,mandatory_coverage,Covered,Required,Match,Verified
31,UI/UX Designer,NEX-HBK-001-AI-R014,mandatory_coverage,Covered,Required,Match,Verified
31,UI/UX Designer,NEX-HBK-001-AI-R016,mandatory_coverage,Covered,Required,Match,Verified
31,UI/UX Designer,NEX-HBK-001-AI-R018,mandatory_coverage,Covered,Required,Match,Verified
31,UI/UX Designer,NEX-HR-001-AI-R001,mandatory_coverage,Covered,Required,Match,Verified
31,UI/UX Designer,NEX-LEAVE-001-AI-R001,mandatory_coverage,Covered,Required,Match,Verified
31,UI/UX Designer,NEX-SEC-001-AI-R001,mandatory_coverage,Covered,Required,Match,Verified
31,UI/UX Designer,NEX-SEC-001-AI-R002,mandatory_coverage,Covered,Required,Match,Verified
31,UI/UX Designer,NEX-CON-001-AI-R001,mandatory_coverage,Covered,Required,Match,Verified
31,UI/UX Designer,NEX-PRIV-001-AI-R001,mandatory_coverage,Covered,Required,Match,Verified
31,UI/UX Designer,NEX-PRIV-001-AI-R002,mandatory_coverage,Covered,Required,Match,Verified
31,UI/UX Designer,NEX-PRIV-001-AI-R003,mandatory_coverage,Covered,Required,Match,Verified
31,UI/UX Designer,NEX-ENG-SOP-001-AI-R001,mandatory_coverage,Covered,Required,Match,Verified
31,UI/UX Designer,NEX-ENG-SOP-001-AI-R003,mandatory_coverage,Covered,Required,Match,Verified
31,UI/UX Designer,NEX-ENG-SOP-001-AI-R004,mandatory_coverage,Covered,Required,Match,Verified
31,UI/UX Designer,NEX-ENG-SOP-001-AI-R005,mandatory_coverage,Covered,Required,Match,Verified
31,UI/UX Designer,NEX-FIN-SOP-001-AI-R001,mandatory_coverage,Covered,Required,Match,Verified
31,UI/UX Designer,NEX-FIN-SOP-001-AI-R002,mandatory_coverage,Covered,Required,Match,Verified
31,UI/UX Designer,NEX-FIN-SOP-001-AI-R003,mandatory_coverage,Covered,Required,Match,Verified
31,UI/UX Designer,NEX-FIN-SOP-001-AI-R004,mandatory_coverage,Covered,Required,Match,Verified
31,UI/UX Designer,NEX-ROLE-009-AI-R001,mandatory_coverage,Covered,Required,Match,Verified
31,UI/UX Designer,NEX-ROLE-009-AI-R002,mandatory_coverage,Covered,Required,Match,Verified
31,UI/UX Designer,NEX-ROLE-009-AI-R003,mandatory_coverage,Covered,Required,Match,Verified
31,UI/UX Designer,NEX-ROLE-009-AI-R004,mandatory_coverage,Covered,Required,Match,Verified
31,UI/UX Designer,NEX-ROLE-009-AI-R005,mandatory_coverage,Covered,Required,Match,Verified
31,UI/UX Designer,NEX-ROLE-009-AI-R006,mandatory_coverage,Covered,Required,Match,Verified
31,UI/UX Designer,NEX-FAQ-001-AI-R001,mandatory_coverage,Covered,Required,Match,Verified
31,UI/UX Designer,NEX-FAQ-001-AI-R002,mandatory_coverage,Covered,Required,Match,Verified
31,UI/UX Designer,NEX-FAQ-001-AI-R003,mandatory_coverage,Covered,Required,Match,Verified
31,UI/UX Designer,NEX-FAQ-001-AI-R004,mandatory_coverage,Covered,Required,Match,Verified
31,UI/UX Designer,NEX-FAQ-001-AI-R005,mandatory_coverage,Covered,Required,Match,Verified
31,UI/UX Designer,NEX-FAQ-001-AI-R006,mandatory_coverage,Covered,Required,Match,Verified
31,UI/UX Designer,NEX-FAQ-001-AI-R007,mandatory_coverage,Covered,Required,Match,Verified
31,UI/UX Designer,NEX-FAQ-001-AI-R008,mandatory_coverage,Covered,Required,Match,Verified
31,UI/UX Designer,NEX-PROC-002-AI-R001,mandatory_coverage,Covered,Required,Match,Verified
31,UI/UX Designer,NEX-PROC-003-AI-R001,mandatory_coverage,Covered,Required,Match,Verified
31,UI/UX Designer,NEX-PROC-003-AI-R002,mandatory_coverage,Covered,Required,Match,Verified
31,UI/UX Designer,NEX-COMP-001-AI-R001,mandatory_coverage,Covered,Required,Match,Verified
31,UI/UX Designer,NEX-ESC-001-AI-R001,mandatory_coverage,Covered,Required,Match,Verified
31,UI/UX Designer,NEX-FAQ-002-AI-R001,mandatory_coverage,Covered,Required,Match,Verified
31,UI/UX Designer,NEX-PROC-001-AI-R001,mandatory_coverage,Covered,Required,Match,Verified
31,UI/UX Designer,NEX-PROC-001-AI-R002,mandatory_coverage,Covered,Required,Match,Verified
31,UI/UX Designer,NEX-PROC-001-AI-R003,mandatory_coverage,Covered,Required,Match,Verified
31,UI/UX Designer,NEX-PROC-001-AI-R004,mandatory_coverage,Covered,Required,Match,Verified
31,UI/UX Designer,NEX-PROC-001-AI-R005,mandatory_coverage,Covered,Required,Match,Verified
31,UI/UX Designer,NEX-PROC-001-AI-R006,mandatory_coverage,Covered,Required,Match,Verified
31,UI/UX Designer,NEX-PROC-001-AI-R007,mandatory_coverage,Covered,Required,Match,Verified
31,UI/UX Designer,NEXORA-R001,mandatory_coverage,Covered,Required,Match,Verified
31,UI/UX Designer,NEXORA-R002,mandatory_coverage,Covered,Required,Match,Verified
31,UI/UX Designer,NEXORA-R003,mandatory_coverage,Covered,Required,Match,Verified
31,UI/UX Designer,NEXORA-R004,mandatory_coverage,Covered,Required,Match,Verified
31,UI/UX Designer,NEXORA-R005,mandatory_coverage,Covered,Required,Match,Verified
31,UI/UX Designer,NEXORA-R006,mandatory_coverage,Covered,Required,Match,Verified
31,UI/UX Designer,NEXORA-R025,mandatory_coverage,Covered,Required,Match,Verified
31,UI/UX Designer,NEXORA-2-R008,mandatory_coverage,Covered,Required,Match,Verified
31,UI/UX Designer,NEXORA-3-R001,mandatory_coverage,Covered,Required,Match,Verified
31,UI/UX Designer,NEXORA-4-R001,mandatory_coverage,Covered,Required,Match,Verified
31,UI/UX Designer,NEXORA-R019,mandatory_coverage,Covered,Required,Match,Verified
31,UI/UX Designer,NEXORA-R026,mandatory_coverage,Covered,Required,Match,Verified
31,UI/UX Designer,NEXORA-2-R001,mandatory_coverage,Covered,Required,Match,Verified
31,UI/UX Designer,NEXORA-2-R009,mandatory_coverage,Covered,Required,Match,Verified
31,UI/UX Designer,NEXORA-3-R002,mandatory_coverage,Covered,Required,Match,Verified
31,UI/UX Designer,NEXORA-4-R002,mandatory_coverage,Covered,Required,Match,Verified
31,UI/UX Designer,NEXORA-2-R010,mandatory_coverage,Covered,Required,Match,Verified
31,UI/UX Designer,NEXORA-4-R003,mandatory_coverage,Covered,Required,Match,Verified
31,UI/UX Designer,NEXORA-R021,mandatory_coverage,Covered,Required,Match,Verified
31,UI/UX Designer,NEXORA-4-R004,mandatory_coverage,Covered,Required,Match,Verified
31,UI/UX Designer,NEXORA-R022,mandatory_coverage,Covered,Required,Match,Verified
31,UI/UX Designer,NEXORA-R023,mandatory_coverage,Covered,Required,Match,Verified
31,UI/UX Designer,NEXORA-2-R002,mandatory_coverage,Covered,Required,Match,Verified
31,UI/UX Designer,NEX-HBK-001-AI-R015,optional_coverage,Covered,Optional,Match,Verified
31,UI/UX Designer,NEX-HBK-001-AI-R017,optional_coverage,Covered,Optional,Match,Verified
31,UI/UX Designer,NEX-HBK-001-AI-R019,optional_coverage,Covered,Optional,Match,Verified
31,UI/UX Designer,NEXORA-R024,optional_coverage,Covered,Optional,Match,Verified
31,UI/UX Designer,NEXORA-R028,optional_coverage,Covered,Optional,Match,Verified
31,UI/UX Designer,NEXORA-3-R003,optional_coverage,Covered,Optional,Match,Verified
32,Project Coordinator,NEX-ENG-SOP-001-AI-R002,mandatory_coverage,Covered,Required,Match,Verified
32,Project Coordinator,REQ-008,mandatory_coverage,Covered,Required,Match,Verified
32,Project Coordinator,REQ-009,mandatory_coverage,Covered,Required,Match,Verified
32,Project Coordinator,REQ-010,mandatory_coverage,Covered,Required,Match,Verified
32,Project Coordinator,REQ-011,mandatory_coverage,Covered,Required,Match,Verified
32,Project Coordinator,NEX-HBK-001-AI-R001,mandatory_coverage,Covered,Required,Match,Verified
32,Project Coordinator,NEX-HBK-001-AI-R002,mandatory_coverage,Covered,Required,Match,Verified
32,Project Coordinator,NEX-HBK-001-AI-R003,mandatory_coverage,Covered,Required,Match,Verified
32,Project Coordinator,NEX-HBK-001-AI-R004,mandatory_coverage,Covered,Required,Match,Verified
32,Project Coordinator,NEX-HBK-001-AI-R005,mandatory_coverage,Covered,Required,Match,Verified
32,Project Coordinator,NEX-HBK-001-AI-R006,mandatory_coverage,Covered,Required,Match,Verified
32,Project Coordinator,NEX-HBK-001-AI-R007,mandatory_coverage,Covered,Required,Match,Verified
32,Project Coordinator,NEX-HBK-001-AI-R008,mandatory_coverage,Covered,Required,Match,Verified
32,Project Coordinator,NEX-HBK-001-AI-R009,mandatory_coverage,Covered,Required,Match,Verified
32,Project Coordinator,NEX-HBK-001-AI-R010,mandatory_coverage,Covered,Required,Match,Verified
32,Project Coordinator,NEX-HBK-001-AI-R011,mandatory_coverage,Covered,Required,Match,Verified
32,Project Coordinator,NEX-HBK-001-AI-R012,mandatory_coverage,Covered,Required,Match,Verified
32,Project Coordinator,NEX-HBK-001-AI-R013,mandatory_coverage,Covered,Required,Match,Verified
32,Project Coordinator,NEX-HBK-001-AI-R014,mandatory_coverage,Covered,Required,Match,Verified
32,Project Coordinator,NEX-HBK-001-AI-R016,mandatory_coverage,Covered,Required,Match,Verified
32,Project Coordinator,NEX-HBK-001-AI-R018,mandatory_coverage,Covered,Required,Match,Verified
32,Project Coordinator,NEX-HR-001-AI-R001,mandatory_coverage,Covered,Required,Match,Verified
32,Project Coordinator,NEX-LEAVE-001-AI-R001,mandatory_coverage,Covered,Required,Match,Verified
32,Project Coordinator,NEX-SEC-001-AI-R001,mandatory_coverage,Covered,Required,Match,Verified
32,Project Coordinator,NEX-SEC-001-AI-R002,mandatory_coverage,Covered,Required,Match,Verified
32,Project Coordinator,NEX-CON-001-AI-R001,mandatory_coverage,Covered,Required,Match,Verified
32,Project Coordinator,NEX-PRIV-001-AI-R001,mandatory_coverage,Covered,Required,Match,Verified
32,Project Coordinator,NEX-PRIV-001-AI-R002,mandatory_coverage,Covered,Required,Match,Verified
32,Project Coordinator,NEX-PRIV-001-AI-R003,mandatory_coverage,Covered,Required,Match,Verified
32,Project Coordinator,NEX-ENG-SOP-001-AI-R001,mandatory_coverage,Covered,Required,Match,Verified
32,Project Coordinator,NEX-ENG-SOP-001-AI-R003,mandatory_coverage,Covered,Required,Match,Verified
32,Project Coordinator,NEX-ENG-SOP-001-AI-R004,mandatory_coverage,Covered,Required,Match,Verified
32,Project Coordinator,NEX-ENG-SOP-001-AI-R005,mandatory_coverage,Covered,Required,Match,Verified
32,Project Coordinator,NEX-FIN-SOP-001-AI-R001,mandatory_coverage,Covered,Required,Match,Verified
32,Project Coordinator,NEX-FIN-SOP-001-AI-R002,mandatory_coverage,Covered,Required,Match,Verified
32,Project Coordinator,NEX-FIN-SOP-001-AI-R003,mandatory_coverage,Covered,Required,Match,Verified
32,Project Coordinator,NEX-FIN-SOP-001-AI-R004,mandatory_coverage,Covered,Required,Match,Verified
32,Project Coordinator,NEX-ROLE-010-AI-R001,mandatory_coverage,Covered,Required,Match,Verified
32,Project Coordinator,NEX-ROLE-010-AI-R002,mandatory_coverage,Covered,Required,Match,Verified
32,Project Coordinator,NEX-ROLE-010-AI-R003,mandatory_coverage,Covered,Required,Match,Verified
32,Project Coordinator,NEX-ROLE-010-AI-R004,mandatory_coverage,Covered,Required,Match,Verified
32,Project Coordinator,NEX-ROLE-010-AI-R005,mandatory_coverage,Covered,Required,Match,Verified
32,Project Coordinator,NEX-ROLE-010-AI-R006,mandatory_coverage,Covered,Required,Match,Verified
32,Project Coordinator,NEX-ROLE-010-AI-R007,mandatory_coverage,Covered,Required,Match,Verified
32,Project Coordinator,NEX-FAQ-001-AI-R001,mandatory_coverage,Covered,Required,Match,Verified
32,Project Coordinator,NEX-FAQ-001-AI-R002,mandatory_coverage,Covered,Required,Match,Verified
32,Project Coordinator,NEX-FAQ-001-AI-R003,mandatory_coverage,Covered,Required,Match,Verified
32,Project Coordinator,NEX-FAQ-001-AI-R004,mandatory_coverage,Covered,Required,Match,Verified
32,Project Coordinator,NEX-FAQ-001-AI-R005,mandatory_coverage,Covered,Required,Match,Verified
32,Project Coordinator,NEX-FAQ-001-AI-R006,mandatory_coverage,Covered,Required,Match,Verified
32,Project Coordinator,NEX-FAQ-001-AI-R007,mandatory_coverage,Covered,Required,Match,Verified
32,Project Coordinator,NEX-FAQ-001-AI-R008,mandatory_coverage,Covered,Required,Match,Verified
32,Project Coordinator,NEX-PROC-002-AI-R001,mandatory_coverage,Covered,Required,Match,Verified
32,Project Coordinator,NEX-PROC-003-AI-R001,mandatory_coverage,Covered,Required,Match,Verified
32,Project Coordinator,NEX-PROC-003-AI-R002,mandatory_coverage,Covered,Required,Match,Verified
32,Project Coordinator,NEX-COMP-001-AI-R001,mandatory_coverage,Covered,Required,Match,Verified
32,Project Coordinator,NEX-ESC-001-AI-R001,mandatory_coverage,Covered,Required,Match,Verified
32,Project Coordinator,NEX-FAQ-002-AI-R001,mandatory_coverage,Covered,Required,Match,Verified
32,Project Coordinator,NEX-PROC-001-AI-R001,mandatory_coverage,Covered,Required,Match,Verified
32,Project Coordinator,NEX-PROC-001-AI-R002,mandatory_coverage,Covered,Required,Match,Verified
32,Project Coordinator,NEX-PROC-001-AI-R003,mandatory_coverage,Covered,Required,Match,Verified
32,Project Coordinator,NEX-PROC-001-AI-R004,mandatory_coverage,Covered,Required,Match,Verified
32,Project Coordinator,NEX-PROC-001-AI-R005,mandatory_coverage,Covered,Required,Match,Verified
32,Project Coordinator,NEX-PROC-001-AI-R006,mandatory_coverage,Covered,Required,Match,Verified
32,Project Coordinator,NEX-PROC-001-AI-R007,mandatory_coverage,Covered,Required,Match,Verified
32,Project Coordinator,NEXORA-R001,mandatory_coverage,Covered,Required,Match,Verified
32,Project Coordinator,NEXORA-R002,mandatory_coverage,Covered,Required,Match,Verified
32,Project Coordinator,NEXORA-R003,mandatory_coverage,Covered,Required,Match,Verified
32,Project Coordinator,NEXORA-R004,mandatory_coverage,Covered,Required,Match,Verified
32,Project Coordinator,NEXORA-R005,mandatory_coverage,Covered,Required,Match,Verified
32,Project Coordinator,NEXORA-R006,mandatory_coverage,Covered,Required,Match,Verified
32,Project Coordinator,NEXORA-R025,mandatory_coverage,Covered,Required,Match,Verified
32,Project Coordinator,NEXORA-2-R008,mandatory_coverage,Covered,Required,Match,Verified
32,Project Coordinator,NEXORA-3-R001,mandatory_coverage,Covered,Required,Match,Verified
32,Project Coordinator,NEXORA-4-R001,mandatory_coverage,Covered,Required,Match,Verified
32,Project Coordinator,NEXORA-R026,mandatory_coverage,Covered,Required,Match,Verified
32,Project Coordinator,NEXORA-2-R001,mandatory_coverage,Covered,Required,Match,Verified
32,Project Coordinator,NEXORA-2-R009,mandatory_coverage,Covered,Required,Match,Verified
32,Project Coordinator,NEXORA-3-R002,mandatory_coverage,Covered,Required,Match,Verified
32,Project Coordinator,NEXORA-4-R002,mandatory_coverage,Covered,Required,Match,Verified
32,Project Coordinator,NEXORA-R020,mandatory_coverage,Covered,Required,Match,Verified
32,Project Coordinator,NEXORA-2-R010,mandatory_coverage,Covered,Required,Match,Verified
32,Project Coordinator,NEXORA-4-R003,mandatory_coverage,Covered,Required,Match,Verified
32,Project Coordinator,NEXORA-R021,mandatory_coverage,Covered,Required,Match,Verified
32,Project Coordinator,NEXORA-4-R004,mandatory_coverage,Covered,Required,Match,Verified
32,Project Coordinator,NEXORA-R022,mandatory_coverage,Covered,Required,Match,Verified
32,Project Coordinator,NEXORA-2-R011,mandatory_coverage,Covered,Required,Match,Verified
32,Project Coordinator,NEXORA-R023,mandatory_coverage,Covered,Required,Match,Verified
32,Project Coordinator,NEXORA-2-R002,mandatory_coverage,Covered,Required,Match,Verified
32,Project Coordinator,NEX-HBK-001-AI-R015,optional_coverage,Covered,Optional,Match,Verified
32,Project Coordinator,NEX-HBK-001-AI-R017,optional_coverage,Covered,Optional,Match,Verified
32,Project Coordinator,NEX-HBK-001-AI-R019,optional_coverage,Covered,Optional,Match,Verified
32,Project Coordinator,NEXORA-R024,optional_coverage,Covered,Optional,Match,Verified
32,Project Coordinator,NEXORA-R028,optional_coverage,Covered,Optional,Match,Verified
32,Project Coordinator,NEXORA-3-R003,optional_coverage,Covered,Optional,Match,Verified
33,DevOps Engineer,NEX-ENG-SOP-001-AI-R002,mandatory_coverage,Covered,Required,Match,Verified
33,DevOps Engineer,REQ-006,mandatory_coverage,Covered,Required,Match,Verified
33,DevOps Engineer,REQ-008,mandatory_coverage,Covered,Required,Match,Verified
33,DevOps Engineer,REQ-009,mandatory_coverage,Covered,Required,Match,Verified
33,DevOps Engineer,REQ-010,mandatory_coverage,Covered,Required,Match,Verified
33,DevOps Engineer,NEX-HBK-001-AI-R001,mandatory_coverage,Covered,Required,Match,Verified
33,DevOps Engineer,NEX-HBK-001-AI-R002,mandatory_coverage,Covered,Required,Match,Verified
33,DevOps Engineer,NEX-HBK-001-AI-R003,mandatory_coverage,Covered,Required,Match,Verified
33,DevOps Engineer,NEX-HBK-001-AI-R004,mandatory_coverage,Covered,Required,Match,Verified
33,DevOps Engineer,NEX-HBK-001-AI-R005,mandatory_coverage,Covered,Required,Match,Verified
33,DevOps Engineer,NEX-HBK-001-AI-R006,mandatory_coverage,Covered,Required,Match,Verified
33,DevOps Engineer,NEX-HBK-001-AI-R007,mandatory_coverage,Covered,Required,Match,Verified
33,DevOps Engineer,NEX-HBK-001-AI-R008,mandatory_coverage,Covered,Required,Match,Verified
33,DevOps Engineer,NEX-HBK-001-AI-R009,mandatory_coverage,Covered,Required,Match,Verified
33,DevOps Engineer,NEX-HBK-001-AI-R010,mandatory_coverage,Covered,Required,Match,Verified
33,DevOps Engineer,NEX-HBK-001-AI-R011,mandatory_coverage,Covered,Required,Match,Verified
33,DevOps Engineer,NEX-HBK-001-AI-R012,mandatory_coverage,Covered,Required,Match,Verified
33,DevOps Engineer,NEX-HBK-001-AI-R013,mandatory_coverage,Covered,Required,Match,Verified
33,DevOps Engineer,NEX-HBK-001-AI-R014,mandatory_coverage,Covered,Required,Match,Verified
33,DevOps Engineer,NEX-HBK-001-AI-R016,mandatory_coverage,Covered,Required,Match,Verified
33,DevOps Engineer,NEX-HBK-001-AI-R018,mandatory_coverage,Covered,Required,Match,Verified
33,DevOps Engineer,NEX-HR-001-AI-R001,mandatory_coverage,Covered,Required,Match,Verified
33,DevOps Engineer,NEX-LEAVE-001-AI-R001,mandatory_coverage,Covered,Required,Match,Verified
33,DevOps Engineer,NEX-SEC-001-AI-R001,mandatory_coverage,Covered,Required,Match,Verified
33,DevOps Engineer,NEX-SEC-001-AI-R002,mandatory_coverage,Covered,Required,Match,Verified
33,DevOps Engineer,NEX-CON-001-AI-R001,mandatory_coverage,Covered,Required,Match,Verified
33,DevOps Engineer,NEX-PRIV-001-AI-R001,mandatory_coverage,Covered,Required,Match,Verified
33,DevOps Engineer,NEX-PRIV-001-AI-R002,mandatory_coverage,Covered,Required,Match,Verified
33,DevOps Engineer,NEX-PRIV-001-AI-R003,mandatory_coverage,Covered,Required,Match,Verified
33,DevOps Engineer,NEX-ENG-SOP-001-AI-R001,mandatory_coverage,Covered,Required,Match,Verified
33,DevOps Engineer,NEX-ENG-SOP-001-AI-R003,mandatory_coverage,Covered,Required,Match,Verified
33,DevOps Engineer,NEX-ENG-SOP-001-AI-R004,mandatory_coverage,Covered,Required,Match,Verified
33,DevOps Engineer,NEX-ENG-SOP-001-AI-R005,mandatory_coverage,Covered,Required,Match,Verified
33,DevOps Engineer,NEX-OPS-SOP-001-AI-R001,mandatory_coverage,Covered,Required,Match,Verified
33,DevOps Engineer,NEX-OPS-SOP-001-AI-R002,mandatory_coverage,Covered,Required,Match,Verified
33,DevOps Engineer,NEX-FIN-SOP-001-AI-R001,mandatory_coverage,Covered,Required,Match,Verified
33,DevOps Engineer,NEX-FIN-SOP-001-AI-R002,mandatory_coverage,Covered,Required,Match,Verified
33,DevOps Engineer,NEX-FIN-SOP-001-AI-R003,mandatory_coverage,Covered,Required,Match,Verified
33,DevOps Engineer,NEX-FIN-SOP-001-AI-R004,mandatory_coverage,Covered,Required,Match,Verified
33,DevOps Engineer,NEX-ROLE-003-AI-R001,mandatory_coverage,Covered,Required,Match,Verified
33,DevOps Engineer,NEX-ROLE-003-AI-R002,mandatory_coverage,Covered,Required,Match,Verified
33,DevOps Engineer,NEX-ROLE-003-AI-R003,mandatory_coverage,Covered,Required,Match,Verified
33,DevOps Engineer,NEX-ROLE-003-AI-R004,mandatory_coverage,Covered,Required,Match,Verified
33,DevOps Engineer,NEX-ROLE-003-AI-R005,mandatory_coverage,Covered,Required,Match,Verified
33,DevOps Engineer,NEX-ROLE-003-AI-R006,mandatory_coverage,Covered,Required,Match,Verified
33,DevOps Engineer,NEX-FAQ-001-AI-R001,mandatory_coverage,Covered,Required,Match,Verified
33,DevOps Engineer,NEX-FAQ-001-AI-R002,mandatory_coverage,Covered,Required,Match,Verified
33,DevOps Engineer,NEX-FAQ-001-AI-R003,mandatory_coverage,Covered,Required,Match,Verified
33,DevOps Engineer,NEX-FAQ-001-AI-R004,mandatory_coverage,Covered,Required,Match,Verified
33,DevOps Engineer,NEX-FAQ-001-AI-R005,mandatory_coverage,Covered,Required,Match,Verified
33,DevOps Engineer,NEX-FAQ-001-AI-R006,mandatory_coverage,Covered,Required,Match,Verified
33,DevOps Engineer,NEX-FAQ-001-AI-R007,mandatory_coverage,Covered,Required,Match,Verified
33,DevOps Engineer,NEX-FAQ-001-AI-R008,mandatory_coverage,Covered,Required,Match,Verified
33,DevOps Engineer,NEX-PROC-002-AI-R001,mandatory_coverage,Covered,Required,Match,Verified
33,DevOps Engineer,NEX-PROC-003-AI-R001,mandatory_coverage,Covered,Required,Match,Verified
33,DevOps Engineer,NEX-PROC-003-AI-R002,mandatory_coverage,Covered,Required,Match,Verified
33,DevOps Engineer,NEX-COMP-001-AI-R001,mandatory_coverage,Covered,Required,Match,Verified
33,DevOps Engineer,NEX-ESC-001-AI-R001,mandatory_coverage,Covered,Required,Match,Verified
33,DevOps Engineer,NEX-FAQ-002-AI-R001,mandatory_coverage,Covered,Required,Match,Verified
33,DevOps Engineer,NEX-PROC-001-AI-R001,mandatory_coverage,Covered,Required,Match,Verified
33,DevOps Engineer,NEX-PROC-001-AI-R002,mandatory_coverage,Covered,Required,Match,Verified
33,DevOps Engineer,NEX-PROC-001-AI-R003,mandatory_coverage,Covered,Required,Match,Verified
33,DevOps Engineer,NEX-PROC-001-AI-R004,mandatory_coverage,Covered,Required,Match,Verified
33,DevOps Engineer,NEX-PROC-001-AI-R005,mandatory_coverage,Covered,Required,Match,Verified
33,DevOps Engineer,NEX-PROC-001-AI-R006,mandatory_coverage,Covered,Required,Match,Verified
33,DevOps Engineer,NEX-PROC-001-AI-R007,mandatory_coverage,Covered,Required,Match,Verified
33,DevOps Engineer,NEXORA-R001,mandatory_coverage,Covered,Required,Match,Verified
33,DevOps Engineer,NEXORA-R002,mandatory_coverage,Covered,Required,Match,Verified
33,DevOps Engineer,NEXORA-R003,mandatory_coverage,Covered,Required,Match,Verified
33,DevOps Engineer,NEXORA-R004,mandatory_coverage,Covered,Required,Match,Verified
33,DevOps Engineer,NEXORA-R005,mandatory_coverage,Covered,Required,Match,Verified
33,DevOps Engineer,NEXORA-R006,mandatory_coverage,Covered,Required,Match,Verified
33,DevOps Engineer,NEXORA-R007,mandatory_coverage,Covered,Required,Match,Verified
33,DevOps Engineer,NEXORA-R008,mandatory_coverage,Covered,Required,Match,Verified
33,DevOps Engineer,NEXORA-R011,mandatory_coverage,Covered,Required,Match,Verified
33,DevOps Engineer,NEXORA-R013,mandatory_coverage,Covered,Required,Match,Verified
33,DevOps Engineer,NEXORA-R025,mandatory_coverage,Covered,Required,Match,Verified
33,DevOps Engineer,NEXORA-2-R008,mandatory_coverage,Covered,Required,Match,Verified
33,DevOps Engineer,NEXORA-3-R001,mandatory_coverage,Covered,Required,Match,Verified
33,DevOps Engineer,NEXORA-4-R001,mandatory_coverage,Covered,Required,Match,Verified
33,DevOps Engineer,NEXORA-R026,mandatory_coverage,Covered,Required,Match,Verified
33,DevOps Engineer,NEXORA-2-R001,mandatory_coverage,Covered,Required,Match,Verified
33,DevOps Engineer,NEXORA-2-R009,mandatory_coverage,Covered,Required,Match,Verified
33,DevOps Engineer,NEXORA-3-R002,mandatory_coverage,Covered,Required,Match,Verified
33,DevOps Engineer,NEXORA-4-R002,mandatory_coverage,Covered,Required,Match,Verified
33,DevOps Engineer,NEXORA-2-R010,mandatory_coverage,Covered,Required,Match,Verified
33,DevOps Engineer,NEXORA-4-R003,mandatory_coverage,Covered,Required,Match,Verified
33,DevOps Engineer,NEXORA-R021,mandatory_coverage,Covered,Required,Match,Verified
33,DevOps Engineer,NEXORA-2-R006,mandatory_coverage,Covered,Required,Match,Verified
33,DevOps Engineer,NEXORA-4-R004,mandatory_coverage,Covered,Required,Match,Verified
33,DevOps Engineer,NEXORA-R022,mandatory_coverage,Covered,Required,Match,Verified
33,DevOps Engineer,NEXORA-R023,mandatory_coverage,Covered,Required,Match,Verified
33,DevOps Engineer,NEXORA-2-R002,mandatory_coverage,Covered,Required,Match,Verified
33,DevOps Engineer,NEX-HBK-001-AI-R015,optional_coverage,Covered,Optional,Match,Verified
33,DevOps Engineer,NEX-HBK-001-AI-R017,optional_coverage,Covered,Optional,Match,Verified
33,DevOps Engineer,NEX-HBK-001-AI-R019,optional_coverage,Covered,Optional,Match,Verified
33,DevOps Engineer,NEXORA-R024,optional_coverage,Covered,Optional,Match,Verified
33,DevOps Engineer,NEXORA-R028,optional_coverage,Covered,Optional,Match,Verified
33,DevOps Engineer,NEXORA-3-R003,optional_coverage,Covered,Optional,Match,Verified
